ABICB,0,0,0,0,0,0,0,0,0,0,0,0,0,0,0,0,0,0,0,0,0,1,2,0,0,0,0,0,0,0,0,0,0,0,0,0,0,0,0,0,0,0,0,0,0,0,0,0,0,0,0,0,0,0,0,0
ARICB,5726,6275,5741,8194,7749,7369,12551,13391,15229,18103,24414,19444,23661,22666,26101,15467,13486,14402,17829,19633,13677,10863,10099,10929,16489,17009,16791,16535,17806,15832,15705,14472,19801,15447,17083,20823,16324,17945,26355,25312,22752,17039,23431,23017,31934,30780,27373,27034,23059,19000,20002,20563,18436,16386,16284,17082
ARTCB,5726,6275,5741,8194,7749,7369,12551,13391,15229,18103,24414,19444,23661,22666,26101,15467,13486,14402,17829,19633,13677,10863,10099,10929,16489,17009,16791,16535,17806,15832,15705,14472,19801,15447,17083,20823,16324,17945,26355,25312,22752,17039,23431,23017,31934,30780,27373,27034,23059,19000,20002,20563,18436,16386,16284,17082
ARTXB,5726,6275,5741,8194,7749,7369,12551,13391,15229,18103,24414,19444,23661,22666,26101,15467,13486,14402,17829,19633,13677,10863,10099,10929,16489,17009,16791,16535,17806,15832,15705,14472,19801,15447,17083,20823,16324,17945,26355,25312,22752,17039,23431,23017,31934,30780,27373,27034,23059,19000,20002,20563,18436,16386,16284,17082
AVACB,3531,2324,3777,3399,3006,2411,2635,2721,2403,2168,2158,2113,2071,1814,2047,1807,1701,1891,1724,1864,1416,1136,791,788,958,929,1139,1047,938,1061,979,950,798,646,717,703,780,761,965,792,1028,966,925,1177,827,947,893,732,789,640,940,1034,842,701,1036,972
AVTCB,3531,2324,3777,3399,3006,2411,2635,2721,2403,2168,2158,2113,2071,1814,2047,1807,1701,1891,1724,1864,1416,1136,791,788,958,929,1139,1047,938,1061,979,950,798,646,717,703,780,761,965,792,1028,966,925,1177,827,947,893,732,789,640,940,1034,842,701,1036,972
AVTXB,3531,2324,3777,3399,3006,2411,2635,2721,2403,2168,2158,2113,2071,1814,2047,1807,1701,1891,1724,1864,1416,1136,791,788,958,929,1139,1047,938,1061,979,950,798,646,717,703,780,761,965,792,1028,966,925,1177,827,947,893,732,789,640,940,1034,842,701,1036,972
BMTCB,4013,3837,3672,4028,4089,3695,3679,4180,4147,4389,4339,4526,4782,4574,4783,5414,5816,6838,7129,8291,17835,21469,21635,23644,25139,25558,24043,17521,18365,15620,13741,14585,15095,13871,14181,16652,14706,16421,12302,12492,13376,10376,9299,9556,9671,25121,24988,28844,36093,28809,29289,28565,27268,26492,31466,33730
CLACB,4,1,1,1,0,0,0,0,0,0,0,0,0,0,0,0,1,1,0,0,0,0,0,0,0,0,0,0,0,0,0,0,0,0,0,0,0,0,0,0,0,0,0,0,0,0,0,0,0,0,0,0,0,0,0,0
CLCCB,0,0,0,0,0,0,0,0,0,0,0,0,0,0,0,0,0,0,0,0,0,0,17,0,16,15,0,2,2,0,2,5,65,17,2,96,3,3,7,1,1,11,13,13,16,24,14,13,0,0,0,0,0,0,0,0
CLEIB,0,0,6065,8272,8990,6938,7326,7162,8115,8338,8514,8683,7245,9692,48136,89817,132654,162773,150820,208242,231894,294720,305418,265103,288209,303200,249613,269585,296748,338881,330161,333518,356833,376336,387732,329673,329469,356152,373335,390094,416851,409293,392476,391273,409201,412493,415655,423202,445798,404530,447137,449888,411861,450547,442660,380388
CLICB,206,210,225,160,113,92,47,22,22,44,109,193,278,235,222,2632,7305,17073,9159,37988,13100,24718,30807,30339,36634,38793,46275,13295,12290,14263,13251,13737,12831,13482,14656,13106,13367,13716,13427,13167,15958,14718,13988,15249,16194,15926,16315,15308,12929,8730,10772,10021,8709,4318,5189,5434
CLKCB,0,0,0,0,0,0,0,0,0,0,0,0,0,0,0,0,0,0,0,0,0,0,0,0,0,0,0,0,0,0,0,0,0,0,0,0,0,0,0,0,0,0,0,0,0,0,0,0,0,0,0,0,0,0,0,0
CLOCB,206,210,225,160,113,92,47,22,22,44,109,193,278,235,222,2632,7305,17073,9159,37988,13100,24718,30807,30339,36634,38793,46275,13295,12290,14263,13251,13737,12831,13482,14656,13106,13367,13716,13427,13167,15958,14718,13988,15249,16194,15926,16315,15308,12929,8730,10772,10021,8709,4318,5189,5434
CLRCB,0,0,0,0,0,0,0,0,0,0,0,0,0,0,0,0,0,0,0,0,0,0,3,0,4,4,0,0,1,0,0,1,14,4,0,14,0,0,1,0,0,1,2,2,2,2,1,1,0,0,0,0,0,0,0,0
CLTCB,210,211,6291,8432,9103,7030,7373,7184,8137,8381,8623,8876,7523,9927,48359,92449,139960,179847,159980,246230,244994,319438,336245,295442,324862,342013,295888,282882,309041,353144,343415,347261,369743,389839,402390,342889,342839,369872,386770,403262,432810,424023,406479,406537,425413,428445,431985,438524,458727,413260,457909,459909,420570,454865,447849,385822
CLTXB,210,211,226,160,113,93,47,22,22,44,109,193,278,235,223,2632,7305,17074,9159,37988,13100,24718,30827,30339,36654,38813,46275,13297,12293,14263,13254,13743,12910,13503,14658,13216,13370,13720,13435,13168,15959,14730,14003,15264,16212,15951,16330,15322,12929,8730,10772,10021,8709,4318,5189,5434
COICB,0,0,0,0,0,0,0,0,0,0,0,0,0,0,0,0,0,0,0,0,0,0,0,0,0,0,0,0,0,0,0,0,0,0,0,0,0,0,0,0,0,0,0,0,0,0,0,0,0,0,0,0,0,0,0,0
DFACB,8178,9824,10050,13497,14656,10429,10947,10356,17594,17442,18594,18427,26134,32884,29560,27704,29376,35063,37918,39520,37745,38673,33825,36593,38209,44412,44946,42967,45233,43636,46230,42088,48422,65756,61830,64416,73439,75132,80331,87212,84223,93368,88663,100509,110159,119013,125945,123215,107936,106304,107667,110652,105983,106516,106429,109557
DFCCB,618,600,620,569,674,765,877,814,1283,1408,1281,1450,2239,2914,2816,2823,2792,3689,4188,2652,1633,349,134,1255,1472,2696,2252,2616,2632,2206,2655,1757,1499,1447,2277,2062,3443,3810,6527,5499,5047,4456,4841,2857,2014,2751,2661,3705,7086,5020,6931,6732,6610,5867,5915,6284
DFEIB,15,10,35,31,39,16,5,6,17,16,7,37,-598,2005,3122,9163,6413,7018,6953,3494,2543,1726,1489,1268,1051,1231,1398,1909,1145,1249,1168,844,717,551,398,621,586,641,679,438,2075,2531,583,556,484,453,762,490,512,599,678,556,437,466,624,532
DFICB,7149,7422,6601,6159,4851,9001,10794,9927,7302,7903,8079,9962,15359,20864,18775,18134,19040,26453,32857,22889,20798,17439,12661,12937,15167,10478,16447,12041,11006,18141,16126,15172,15949,14749,16070,20892,23665,24615,21065,24191,24566,25242,21822,17730,18275,28628,26359,24870,34931,26639,28878,32976,32683,33062,30001,25489
DFRCB,276,268,277,254,301,341,391,364,573,629,572,648,1000,1301,1257,1260,1246,1647,1870,1184,12,6,0,3,4,68,63,96,34,40,55,29,35,46,32,34,56,42,26,21,23,38,55,55,29,19,20,13,12,19,16,18,22,12,12,6
DFTCB,16236,18123,17582,20509,20522,20553,23014,21466,26770,27399,28534,30524,44134,59967,55530,59084,58868,73870,83787,69739,62730,58193,48109,52057,55902,58886,65105,59630,60051,65271,66234,59891,66623,82550,80606,88025,101190,104240,108627,117361,115935,125635,115963,121706,130960,150863,155747,152293,150478,138581,144170,150934,145735,145923,142981,141868
DFTXB,16221,18114,17548,20478,20483,20536,23008,21460,26752,27383,28527,30487,44732,57962,52407,49921,52454,66853,76834,66245,60187,56467,46620,50789,54851,57655,63707,57720,58905,64022,65066,59047,65906,81999,80209,87404,100603,103600,107949,116923,113860,123104,115381,121150,130477,150410,154985,151803,149966,137982,143492,150378,145298,145457,142357,141335
DKEIB,15,10,35,31,39,16,5,6,17,16,7,37,661,2912,3860,9617,6413,7018,6953,3494,2543,1726,1489,1268,1051,1231,1398,1909,1145,1249,1168,844,717,551,398,621,586,641,679,438,2075,2531,583,556,484,453,762,490,512,599,678,556,437,466,624,532
ELEXB,51,49,70,78,87,97,104,116,129,150,175,207,452,321,98,108,131,129,122,135,138,36,23,4,4,0,5,5,6,7,7,7,7,8,8,2,9,165,0,0,0,0,234,242,319,623,1057,754,1196,1208,615,242,227,90,34,5
ELIMB,0,0,0,0,0,0,0,0,0,0,0,0,0,0,23,60,63,73,0,0,0,0,0,0,0,0,0,0,0,0,0,370,0,0,0,1148,0,557,14,0,161,188,282,188,585,352,435,763,300,420,849,1697,284,114,199,63
ELISB,-14966,-16277,-15045,-8686,4278,6384,4463,13963,6104,10429,25353,24285,31742,28986,15259,15609,-19978,-44183,-35480,-69405,-85622,-100722,-105474,-123025,-149834,-137018,-163285,-143953,-220881,-98724,-195294,-237729,-251419,-218174,-224362,-191045,-170653,-220606,-239857,-235900,-252228,-254237,-283383,-267352,-331418,-267224,-254036,-292384,-361977,-325366,-336695,-288505,-304553,-325837,-313529,-305809
ELNIB,-51,-49,-70,-78,-87,-97,-104,-116,-129,-150,-175,-207,-452,-321,-75,-47,-68,-55,-122,-135,-138,-36,-23,-4,-4,0,-5,-5,-6,-7,-7,363,-7,-8,-8,1146,-9,392,14,0,161,188,48,-54,265,-271,-622,9,-896,-788,234,1456,58,23,165,58
EMACB,0,0,0,0,0,0,0,0,0,0,0,0,0,0,0,0,0,0,0,0,0,17,41,6,0,0,0,0,0,0,0,0,0,273,716,2251,1898,1885,1454,1260,1442,1977,1128,1087,1043,13517,14276,15927,19174,19112,19488,19614,19042,19844,21317,22800
EMCCB,0,0,0,0,0,0,0,0,0,0,0,0,0,0,0,0,0,0,0,0,0,0,0,0,0,0,0,0,0,0,0,0,0,1,1,2,1,1,1,1,1,1,1,1,1,8,9,10,13,35,46,40,34,40,15,646
EMICB,0,0,0,0,0,0,0,0,0,0,0,0,0,0,0,0,0,0,0,0,0,0,0,0,0,0,0,0,0,0,0,0,0,2,6,20,17,18,13,8,9,31,17,18,20,213,256,249,311,306,273,281,294,312,321,615
EMLCB,0,0,0,0,0,0,0,0,0,0,0,0,0,0,0,0,0,0,0,0,0,0,0,0,0,0,0,0,0,0,0,0,0,0,0,0,0,0,0,0,0,0,0,0,0,0,0,1562,3012,3023,3149,3058,2153,0,2299,2671
EMTCB,0,0,0,0,0,0,0,0,0,0,0,0,0,0,0,0,0,0,0,0,0,18,42,6,0,0,0,0,0,0,0,0,0,276,723,2272,1916,1904,1468,1269,1452,2010,1146,1105,1063,13738,14541,16186,19498,19452,19807,19936,19370,20197,21652,24060
ESACB,0,0,0,0,0,0,0,0,0,0,0,0,0,0,0,0,0,0,0,0,0,0,0,0,0,0,0,0,0,0,0,0,0,0,0,0,0,0,0,0,0,0,0,0,0,0,0,0,0,0,0,0,0,0,0,21
ESCCB,11267,10054,9945,10865,11305,10386,11178,12256,12881,14688,16003,18096,20412,21959,23269,24438,26020,27995,28006,29626,31124,31606,31693,32565,38110,41950,44655,48875,50920,53835,54790,53916,55840,57027,60619,63332,66722,70015,73984,77412,82949,84267,85852,86749,89075,93722,97672,103982,102913,100264,98753,100696,101310,102493,99937,99918
ESICB,5053,6700,9119,9441,10061,11364,12240,11984,12691,14428,16212,17049,19083,20377,21728,23433,24578,24755,25344,27518,27306,34231,27538,26997,25478,28855,28517,28981,31600,33172,34235,35502,37721,37495,38567,40916,43615,45219,42817,42501,40859,38817,37622,37237,40624,38824,41829,41904,43910,38216,39040,42146,42473,42716,50026,50810
ESRCB,4622,5977,5851,6523,7228,7610,9235,9962,11064,13353,14765,16825,19851,22918,24209,24353,24903,26800,28634,31745,32881,32516,32426,35576,37908,41794,42785,47156,50262,52024,52469,53369,55378,56998,62141,61537,67375,70569,73736,76829,84768,89395,90120,94654,98677,104215,110438,117498,113402,112073,110713,112866,112333,112949,110365,113167
ESTCB,20942,22731,24915,26829,28595,29360,32653,34201,36636,42469,46980,51970,59346,65254,69205,72224,75501,79551,81984,88889,91312,98354,91657,95138,101496,112599,115957,125012,132783,139031,141494,142787,148938,151520,161326,165786,177712,185803,190537,196743,208576,212480,213594,218639,228376,236761,249938,263383,260226,250553,248506,255708,256116,258159,260328,263916
ESTXB,20942,22731,24915,26829,28595,29360,32653,34201,36636,42469,46980,51970,59346,65254,69205,72224,75501,79551,81984,88889,91312,98354,91657,95138,101496,112599,115957,125012,132783,139031,141494,142787,148938,151520,161326,165786,177712,185803,190537,196743,208576,212480,213594,218639,228376,236761,249938,263383,260226,250553,248506,255708,256116,258159,260328,263916
FFTCB,261910,286116,305529,322246,331235,318872,341080,344236,386730,420086,426321,456013,509993,562130,579109,563589,627537,707488,703765,772665,720320,796136,757090,705081,763697,796491,735674,746189,785400,857319,821494,830159,868850,887986,930683,879167,898554,938073,1016590,1066187,1144386,1183282,1188639,1219677,1340408,1332032,1380388,1413021,1412471,1290735,1292321,1253940,1247956,1288993,1255904,1258052
FNICB,0,0,0,0,0,0,0,0,0,0,0,0,0,0,0,0,0,0,0,0,0,0,0,0,0,0,0,0,0,0,0,0,0,0,0,0,0,0,0,0,0,0,0,0,0,0,0,0,0,0,0,0,0,0,0,0
FOICB,0,0,0,0,0,0,0,0,0,0,0,0,0,0,0,0,0,0,0,0,0,0,0,0,0,0,0,0,0,0,0,0,0,0,0,0,0,0,0,0,0,0,0,0,0,0,0,0,0,0,0,0,0,0,0,0
FSICB,0,0,0,0,0,0,0,0,0,0,0,22,46,10,18,19,33,38,42,26,31,11,18,0,0,0,0,0,0,0,0,0,0,0,0,0,0,0,0,0,0,0,0,0,0,0,0,0,0,0,0,0,0,0,0,0
GDPRX,,,,,,,,,,,,,,,,,,,,,,,,,,,,,,,,,,,,,,163114,177319,192410,202215,206560,212195,224650,232105,251185,265798,272417,262521,242509,243101,247414,252545,253743,258228,261891
GECCB,0,0,0,0,0,0,0,0,0,0,0,0,0,0,0,0,0,0,0,0,0,0,0,0,0,0,0,0,0,2,2,2,2,2,2,2,2,2,2,44,44,44,50,54,54,56,52,48,40,42,42,50,48,48,48,48
GEEGB,0,0,0,0,0,0,0,0,0,0,0,0,0,0,0,0,0,0,0,0,0,0,0,0,0,0,0,0,0,0,0,0,0,0,0,0,0,0,0,0,0,0,0,0,0,0,0,0,0,0,0,0,0,0,0,0
GEICB,0,0,0,0,0,0,0,0,0,0,0,0,0,0,0,0,0,0,0,0,0,0,0,0,0,0,0,0,0,227,227,227,227,227,227,227,227,227,227,228,228,228,228,162,181,205,209,224,290,244,249,249,247,247,247,247
GERCB,0,0,0,0,0,0,0,0,0,0,0,0,0,0,0,0,0,0,0,0,0,0,0,0,0,0,0,0,0,6,7,8,8,8,8,8,9,9,9,14,14,15,16,19,20,23,26,30,35,44,48,46,50,50,50,50
GETCB,0,0,0,0,0,0,0,0,0,0,0,0,0,0,0,0,0,0,0,0,0,0,0,0,0,0,0,0,0,235,236,236,237,237,236,237,237,238,238,286,286,287,294,235,255,283,287,302,366,329,339,345,345,345,345,345
GETXB,0,0,0,0,0,0,0,0,0,0,0,0,0,0,0,0,0,0,0,0,0,0,0,0,0,0,0,0,0,235,236,236,237,237,236,237,237,238,238,286,286,287,294,235,255,283,287,302,366,329,339,345,345,345,345,345
HYCCB,0,0,0,0,0,0,0,0,0,0,0,0,0,0,0,0,0,0,0,0,0,0,0,0,0,0,0,0,0,0,0,0,0,0,0,0,0,0,0,0,0,0,0,0,0,0,0,0,0,0,0,0,0,0,0,0
HYEGB,32169,31246,30861,30834,30182,46400,54380,52243,59219,63340,64439,69514,70273,74664,77206,75335,78445,68812,72628,74959,102014,70955,73175,152195,163533,145964,150901,105434,80228,82171,77158,70292,68472,69040,75982,85470,95276,123060,111863,99794,85221,78774,75557,71634,69843,64094,67379,65211,71795,62731,64606,89135,63918,56432,58185,60906
HYICB,0,0,0,0,0,0,0,0,90,111,141,95,134,111,69,149,167,31,112,164,158,159,159,160,159,159,159,158,157,0,0,0,0,0,0,0,0,0,0,0,0,0,0,0,0,0,0,0,0,0,0,0,0,0,0,0
HYTCB,32169,31246,30861,30834,30182,46400,54380,52243,59309,63451,64580,69610,70406,74774,77275,75484,78612,68843,72741,75123,102171,71114,73334,152355,163692,146123,151060,105592,80385,82171,77158,70292,68472,69040,75982,85470,95276,123060,111863,99794,85221,78774,75557,71634,69843,64094,67379,65211,71795,62731,64606,89135,63918,56432,58185,60906
HYTXB,0,0,0,0,0,0,0,0,90,111,141,95,134,111,69,149,167,31,112,164,158,159,159,160,159,159,159,158,157,0,0,0,0,0,0,0,0,0,0,0,0,0,0,0,0,0,0,0,0,0,0,0,0,0,0,0
JFACB,25325,27428,30281,31014,32458,30065,32417,38384,44162,40765,36391,37050,36961,38951,39112,38586,36798,39602,40987,43360,43937,41601,42564,39107,44211,39421,42580,46404,47010,45292,47306,53729,46426,44237,41933,43015,44912,45232,49197,54588,59156,56211,58649,60388,46810,45463,43776,37490,38348,26569,20903,21530,21615,20964,21498,21835
JFTCB,25325,27428,30281,31014,32458,30065,32417,38384,44162,40765,36391,37050,38219,39858,39849,39039,36798,39602,40987,43360,43937,41601,42564,39107,44211,39421,42580,46404,47010,45292,47306,53729,46426,44237,41933,43015,44912,45232,49197,54588,59156,56211,58649,60388,46810,45463,43776,37490,38348,26569,20903,21530,21615,20964,21498,21835
JFTXB,25325,27428,30281,31014,32458,30065,32417,38384,44162,40765,36391,37050,36961,38951,39112,38586,36798,39602,40987,43360,43937,41601,42564,39107,44211,39421,42580,46404,47010,45292,47306,53729,46426,44237,41933,43015,44912,45232,49197,54588,59156,56211,58649,60388,46810,45463,43776,37490,38348,26569,20903,21530,21615,20964,21498,21835
JKACB,757,2469,3419,3474,4119,6689,8127,11726,13906,14831,14661,14411,15812,20019,19713,20293,19421,21466,22874,25569,22930,23673,22631,20607,22581,19990,24543,28142,29027,29025,32054,37690,34658,35602,41423,42838,44860,45211,49197,54588,59156,56211,58649,60388,46810,45463,43776,37490,38348,26569,20903,21530,21615,20964,21498,21835
JKTCB,757,2469,3419,3474,4119,6689,8127,11726,13906,14831,14661,14411,17070,20926,20450,20747,19421,21466,22874,25569,22930,23673,22631,20607,22581,19990,24543,28142,29027,29025,32054,37690,34658,35602,41423,42838,44860,45211,49197,54588,59156,56211,58649,60388,46810,45463,43776,37490,38348,26569,20903,21530,21615,20964,21498,21835
JNACB,24568,24959,26862,27540,28339,23376,24289,26658,30256,25934,21730,22640,21149,18932,19399,18293,17377,18136,18113,17791,21007,17929,19933,18500,21630,19430,18037,18262,17984,16267,15252,16039,11768,8635,511,176,52,21,0,0,0,0,0,0,0,0,0,0,0,0,0,0,0,0,0,0
JNTCB,24568,24959,26862,27540,28339,23376,24289,26658,30256,25934,21730,22640,21149,18932,19399,18293,17377,18136,18113,17791,21007,17929,19933,18500,21630,19430,18037,18262,17984,16267,15252,16039,11768,8635,511,176,52,21,0,0,0,0,0,0,0,0,0,0,0,0,0,0,0,0,0,0
KSCCB,0,12,11,8,8,9,11,32,6,7,69,53,40,35,89,79,164,204,174,62,0,102,68,13,12,12,108,116,4,14,14,11,4,7,5,7,14,22,8,27,15,18,10,7,12,9,13,13,2,3,4,3,1,1,1,1
KSICB,364,128,73,31,102,117,142,32,40,35,483,552,323,279,690,690,899,1842,1688,159,414,505,34,11,9,63,188,150,294,265,97,191,3,7,2,3,9,12,38,12,8,8,3,5,16,19,28,7,2,3,1,1,0,1,1,0
KSRCB,0,68,58,43,43,50,59,179,33,38,383,292,221,196,496,437,911,1133,967,346,0,0,0,13,11,18,18,18,18,2,1,4,11,6,10,11,16,13,15,11,8,5,3,13,6,23,9,2,1,2,0,0,0,0,0,0
KSTCB,364,208,142,82,154,176,211,244,79,79,936,896,584,510,1276,1205,1975,3180,2829,567,414,607,102,37,32,93,315,284,316,282,113,206,18,20,17,21,39,47,61,50,31,31,16,25,33,52,50,23,6,8,5,4,1,1,2,1
KSTXB,364,208,142,82,154,176,211,244,79,79,936,896,584,510,1276,1205,1975,3180,2829,567,414,607,102,37,32,93,315,284,316,282,113,206,18,20,17,21,39,47,61,50,31,31,16,25,33,52,50,23,6,8,5,4,1,1,2,1
LGACB,132,125,114,137,126,152,177,175,215,197,242,274,307,208,215,197,192,218,407,42,300,561,436,514,499,351,326,232,249,244,211,217,217,222,324,194,136,101,26,70,88,44,71,554,468,778,893,695,1032,777,809,810,756,1012,1078,982
LGCCB,434,572,784,792,831,794,540,805,803,868,917,938,990,921,900,592,480,497,606,1017,717,692,875,1004,795,1044,1001,1203,936,899,843,952,1025,903,922,1060,857,786,1123,1554,1365,1290,1311,1380,1065,878,792,813,1640,826,1187,1425,1369,1497,1651,1551
LGICB,924,448,436,503,433,668,477,583,642,844,945,902,1036,1166,1656,1567,1267,1268,1370,2304,2683,1389,2135,1555,1861,1792,1941,2117,2336,2096,1942,2193,3336,2879,2829,2659,2368,1177,457,413,590,882,279,1664,1551,684,1034,1383,1688,1278,1266,1290,1232,1039,793,1169
LGRCB,1359,1791,2455,2481,2602,2486,1691,2523,2514,2718,2873,2938,3100,2884,2820,1856,1503,1556,1897,3185,2246,2167,2740,3146,2490,3271,3136,3769,2930,2816,2641,2983,3210,2828,2887,3322,2683,2462,3518,4869,4276,4040,4105,3266,2836,2955,3206,3004,5165,4872,4576,5234,3165,4027,3852,3311
LGTCB,2849,2936,3789,3912,3992,4099,2885,4086,4174,4627,4976,5052,5432,5179,5591,4211,3442,3538,4279,6548,5946,4810,6185,6220,5645,6459,6404,7321,6451,6054,5637,6346,7788,6832,6961,7235,6044,4526,5123,6906,6319,6256,5766,6864,5920,5295,5926,5895,9525,7754,7838,8759,6522,7576,7373,7013
LGTXB,2849,2936,3789,3912,3992,4099,2885,4086,4174,4627,4976,5052,5432,5179,5591,4211,3442,3538,4279,6548,5946,4810,6185,6220,5645,6459,6404,7321,6451,6054,5637,6346,7788,6832,6961,7235,6044,4526,5123,6906,6319,6256,5766,6864,5920,5295,5926,5895,9525,7754,7838,8759,6522,7576,7373,7013
LOACB,0,0,0,0,0,0,0,0,0,0,0,0,0,0,0,0,0,0,0,0,0,0,0,0,0,0,0,0,0,0,0,0,0,0,0,0,0,0,0,0,0,0,0,0,0,0,0,0,0,0,0,0,0,0,0,41
LOCCB,27863,24433,23889,25973,26865,24794,26791,29274,30731,35038,38715,43637,48870,52111,56266,58621,62263,66914,67819,70721,74771,74011,74936,76585,86905,96080,100180,108175,112744,124282,121875,117661,122131,123811,130881,139947,151266,153941,161626,169587,182174,181557,177800,177427,178905,184334,189009,197658,195424,192768,192734,202275,198102,201302,197768,193198
LOICB,12495,16281,21905,22570,23908,27129,29335,28624,30279,34418,39219,41112,45687,48356,52540,56208,58813,59168,61374,65687,65598,80159,65113,63492,58100,66087,63975,64143,69966,76579,76152,77475,82501,81404,83268,90413,98881,99423,93539,93106,89736,83633,77915,76161,81592,76360,80946,79655,83382,73474,76193,84661,83052,83897,98998,98244
LORCB,11429,14524,14055,15594,17176,18168,22134,23795,26396,31854,35718,40572,47526,54388,58540,58416,59590,64058,69339,75779,78992,76143,76669,83667,86445,95723,95986,104372,111286,120103,116710,116467,121121,123747,134166,135980,152747,155158,161085,168310,186169,192604,186639,193597,198191,204972,213714,223351,215342,215473,216076,226721,219657,221839,218404,218814
LOTCB,51787,55239,59850,64137,67949,70090,78260,81693,87406,101310,113652,125321,142083,154856,167346,173245,180665,190140,198532,212186,219361,230313,216718,223744,231449,257890,260141,276690,293996,320965,314738,311603,325753,328961,348315,366339,402894,408521,416250,431003,458079,457794,442353,447185,458688,465666,483669,500663,494148,481714,485003,513656,500811,507037,515170,510298
LOTXB,51787,55239,59850,64137,67949,70090,78260,81693,87406,101310,113652,125321,142083,154856,167346,173245,180665,190140,198532,212186,219361,230313,216718,223744,231449,257890,260141,276690,293996,320965,314738,311603,325753,328961,348315,366339,402894,408521,416250,431003,458079,457794,442353,447185,458688,465666,483669,500663,494148,481714,485003,513656,500811,507037,515170,510298
LUACB,1173,1142,1187,1186,1246,1250,1298,1163,1277,1362,1387,1354,1450,1851,1773,1617,1796,2103,2258,2363,2104,2018,1840,1927,2054,1915,1872,2117,2041,2093,2154,1927,1965,2001,2091,2055,1995,2107,2206,2229,2196,2012,1988,1838,1862,1852,1804,1863,1730,1555,1728,1640,1509,1596,1665,1813
LUICB,494,481,503,503,528,565,587,574,630,686,699,618,661,1612,1544,1246,1384,1603,1721,1801,1604,1538,1403,1469,1566,1459,1427,1613,1556,1596,1642,1469,1498,1525,1594,1567,1521,1606,1682,1699,1674,1533,1515,1401,1419,1412,1375,1420,1319,1186,1317,1250,1150,1217,1269,1382
LUTCB,1667,1622,1689,1689,1774,1814,1885,1737,1908,2048,2086,1972,2111,3463,3317,2862,3179,3705,3979,4164,3708,3556,3243,3395,3620,3374,3299,3730,3597,3689,3797,3396,3463,3526,3685,3622,3515,3713,3887,3928,3869,3545,3503,3239,3281,3264,3180,3284,3049,2741,3045,2889,2658,2813,2934,3195
LUTXB,1667,1622,1689,1689,1774,1814,1885,1737,1908,2048,2086,1972,2111,3463,3317,2862,3179,3705,3979,4164,3708,3556,3243,3395,3620,3374,3299,3730,3597,3689,3797,3396,3463,3526,3685,3622,3515,3713,3887,3928,3869,3545,3503,3239,3281,3264,3180,3284,3049,2741,3045,2889,2658,2813,2934,3195
MBICB,0,0,0,0,0,0,0,0,0,0,0,0,0,0,0,0,0,0,0,0,0,-63,-82,0,0,0,0,0,0,36,36,-17,51,0,0,0,0,0,0,0,0,0,0,0,0,0,0,0,0,0,0,0,0,0,0,0
MGACB,61770,64222,68723,71906,73561,75764,79909,81670,90102,102037,109995,117409,130968,142932,136946,142289,149069,158669,167577,165872,158116,159531,162438,171469,179599,187028,195725,202285,208402,210644,202588,209347,214858,222342,234310,243754,255392,252360,271974,284026,292275,300085,314112,316339,332898,345118,353213,355129,331475,317832,315392,309482,306164,312887,315539,319987
MGCCB,467,516,585,741,653,722,850,937,831,792,769,791,819,851,896,929,954,980,848,912,943,971,1597,880,799,736,866,1873,724,675,1350,1954,1617,1001,179,184,184,184,187,188,191,209,212,209,209,210,225,231,231,574,740,639,553,636,220,9061
MGICB,2705,2560,2541,2123,2332,2293,2471,2764,2231,2333,2394,2392,2467,2383,2504,2311,1975,1958,1937,1792,1625,1420,1122,975,1312,2122,2202,2131,2126,2206,2643,1935,1817,1769,1916,2139,2283,2385,2466,1741,1766,4758,4747,5139,6250,5450,6335,5542,5377,5087,4425,4439,4723,4927,4744,8625
MGTCB,64943,67298,71849,74770,76546,78779,83231,85372,93164,105163,113158,120592,134253,146167,140347,145530,151998,161607,170362,168576,160684,161922,165157,173323,181709,189886,198794,206289,211253,213525,206581,213235,218292,225112,236405,246076,257858,254929,274627,285955,294232,305052,319071,321687,339357,350778,359773,360903,337083,323493,320557,314560,311440,318451,320503,337673
MGTXB,64943,67298,71849,74770,76546,78779,83231,85372,93164,105163,113158,120592,134253,146167,140347,145530,151998,161607,170362,168576,160684,161922,165157,173323,181709,189886,198794,206289,211253,213525,206581,213235,218292,225112,236405,246076,257858,254929,274627,285955,294232,305052,319071,321687,339357,350778,359773,360903,337083,323493,320557,314560,311440,318451,320503,337673
MMTCB,64943,67298,71849,74770,76546,78779,83231,85372,93164,105163,113158,120592,134253,146167,140347,145530,151998,161607,170362,168576,160684,161922,165157,173323,181709,189886,198794,206289,211253,213525,206581,213235,218292,224835,235683,243804,255942,253025,273159,284686,292780,303043,317925,320581,338293,337040,345232,344716,317585,304041,300750,294624,292070,298254,298851,313613
MSICB,0,0,0,0,0,0,0,0,0,0,0,0,0,0,0,0,0,0,0,0,0,0,0,0,0,0,0,0,0,0,0,0,0,0,0,0,447,491,598,562,599,114,122,115,103,103,204,200,213,227,238,247,242,253,270,279
NAICB,0,0,0,0,0,0,0,0,0,0,0,0,0,0,0,0,0,0,0,0,0,0,0,0,0,0,0,0,0,0,0,0,0,0,0,0,0,0,0,0,0,0,0,0,0,0,0,0,0,0,0,0,0,0,0,0
NGACB,16467,16084,15548,15600,18660,19370,21294,25266,27869,28939,25365,27664,27278,25232,23605,17939,16119,15714,16162,21197,22312,25652,19503,12985,14338,19391,13123,17274,18967,19248,26094,24149,24254,18013,25815,19318,17794,19395,20528,19606,21667,23232,21535,19629,17494,19900,23030,22983,24832,23361,17754,15063,14369,14724,16170,18445
NGCCB,26171,14484,12950,14308,24447,20696,19313,24852,25167,26363,24045,27115,28339,33467,34775,34256,38553,35911,31504,28064,28740,28209,27517,25734,26472,26521,24968,28681,29261,29870,29319,28274,27935,28345,30005,29282,29280,30819,32318,31801,32461,31315,32258,32702,33730,32632,33408,33533,33368,32785,32479,33057,32179,33749,31439,31882
NGEIB,55110,62756,62289,59981,52453,39532,44751,42540,50418,61534,62373,72416,83155,60487,43308,18949,26090,31439,57859,54179,52532,60749,32882,20015,26660,44193,31953,27572,26189,52423,25021,23912,31875,21034,26740,22657,22891,27060,42865,55399,97449,132001,148020,171564,245082,222772,253243,286297,291571,267698,227944,183896,233668,228437,211640,257855
NGICB,14160,39919,49740,54513,48610,59365,62171,49402,57802,62909,61170,64160,66499,68970,68924,53390,57191,53037,48768,46406,39530,49857,31355,31094,30501,17265,8805,18413,25012,21640,19046,19722,20433,21812,26657,28773,27310,28550,28673,27498,21470,21401,17513,15489,21095,17395,18816,19872,20734,18293,19586,22024,23135,22736,23225,21316
NGLPB,38,40,42,45,44,38,33,35,22,37,53,53,46,41,0,0,0,0,0,0,0,234,7,7,7,6,5,6,5,37,73,47,42,51,63,60,59,52,47,35,37,40,59,18,25,24,23,21,21,17,19,17,12,4,10,9
NGPZB,16467,16084,15548,15600,18660,19370,21294,25266,27869,28939,25365,27664,27278,25232,23605,17939,16119,15714,16162,21197,22312,25652,19503,12985,14338,19391,13123,17274,18967,19248,26094,24111,24106,17828,25617,19034,17429,19021,19912,18867,20865,22297,20536,18414,16123,17968,21004,20921,22789,21227,15705,13329,12626,12949,13919,15903
NGRCB,28367,25850,22934,25131,30454,27100,26918,27025,28709,30586,31430,34544,36085,38168,34343,39811,42228,40348,32073,30735,30863,27741,31066,30589,28874,29945,26348,29466,29165,28287,31301,32122,29273,28955,30516,27915,27990,31765,36702,33466,35089,36475,35921,36265,38864,36602,36732,39305,39461,35367,38445,39094,35693,40729,33442,36037
NGTCB,140275,159093,163461,169533,174623,166063,174448,169085,189965,210332,204383,225898,241355,226325,204955,164346,180181,176449,186366,180580,173977,192208,142323,120418,126844,137315,105197,121406,128594,151468,130781,128178,133771,118159,139733,127945,125265,137588,161086,167770,208137,244424,255247,275650,356264,329302,365230,401992,409966,377504,336208,293134,339043,340375,315916,365536
NGTXB,85165,96337,101171,109552,122170,126531,129697,126545,139546,148798,142010,153482,158201,165837,161647,145396,154091,145010,128507,126401,121445,131459,109441,100403,100184,93121,73244,93834,102405,99044,105760,104267,101896,97124,112993,105288,102374,110528,118221,112371,110688,112423,107227,104086,111182,106530,111986,115694,118395,109806,108264,109238,105376,111938,104276,107681
NGVHB,0,0,0,0,0,0,0,0,0,0,0,0,0,0,0,0,0,0,0,0,0,0,0,0,0,0,0,0,0,0,0,38,148,185,197,283,365,374,616,739,802,935,999,1215,1371,1932,2026,2062,2043,2134,2049,1734,1742,1775,2251,2542
NNACB,16467,16084,15548,15600,18660,19370,21294,25266,27869,28939,25365,27664,27278,25232,23605,17939,16119,15714,16162,21197,22312,25652,19503,12985,14338,19391,13123,17274,18967,19248,26094,24149,24254,18013,25815,19318,17794,19395,20528,19606,21667,23232,21535,19629,17494,19900,23030,22983,24832,23361,17754,15063,14369,14724,16170,18445
NNCCB,26171,14484,12950,14308,24447,20696,19313,24852,25167,26363,24045,27115,28339,33467,34775,34256,38553,35911,31504,28064,28738,28209,27517,25734,26472,26521,24942,28653,29261,29870,29319,28274,27935,28345,30005,29282,29280,30819,32318,31801,32461,31315,32258,32702,33730,32632,33408,33533,33368,32785,32479,33057,32179,33749,31439,31882
NNEIB,55110,62756,62289,59981,52453,39532,44751,42540,50418,61534,62373,72416,83155,60487,43308,18949,26090,31439,57859,54179,52530,60749,32882,20015,26660,44193,31920,27544,26189,52423,25021,23912,31875,21034,26740,22657,22891,27060,42865,55399,97449,132001,148020,171564,245082,222772,253243,286297,291571,267698,227944,183896,233668,228437,211640,257855
NNICB,14160,39919,49740,54513,48610,59365,62171,49402,57802,62909,61170,64160,66499,68970,68924,53390,57191,53037,48768,46406,39528,49857,31355,31094,30501,17265,8796,18394,25012,21640,19046,19722,20433,21812,26657,28773,27310,28550,28673,27498,21470,21401,17513,15489,21095,17395,18816,19872,20734,18293,19586,22024,23135,22736,23225,21316
NNRCB,28367,25850,22934,25131,30454,27100,26918,27025,28709,30586,31430,34544,36085,38168,34343,39811,42228,40348,32073,30735,30862,27741,31066,30589,28874,29945,26321,29436,29165,28287,31301,32122,29273,28955,30516,27915,27990,31765,36702,33466,35089,36475,35921,36265,38864,36602,36732,39305,39461,35367,38445,39094,35693,40729,33442,36037
NNTCB,140275,159093,163461,169533,174623,166063,174448,169085,189965,210332,204383,225898,241355,226325,204955,164346,180181,176449,186366,180580,173970,192208,142323,120418,126844,137315,105103,121301,128594,151468,130781,128178,133771,118159,139733,127945,125265,137588,161086,167770,208137,244424,255247,275650,356264,329302,365230,401992,409966,377504,336208,293134,339043,340375,315916,365536
NUEGB,0,0,0,0,0,0,0,0,0,0,0,0,0,0,0,0,0,0,0,0,0,0,0,0,0,12005,105540,140532,243215,83080,217965,263104,268149,231601,242182,283526,302902,307623,317888,317843,316839,299966,322260,297872,293158,269327,250568,280920,305726,320692,326102,327292,334636,328423,338044,340153
NUETB,0,0,0,0,0,0,0,0,0,0,0,0,0,0,0,0,0,0,0,0,0,0,0,0,0,12005,105540,140532,243215,83080,217965,263104,268149,231601,242182,283526,302902,307623,317888,317843,316839,299966,322260,297872,293158,269327,250568,280920,305726,320692,326102,327292,334636,328423,338044,340153
P1ICB,6584,6884,6317,8728,8379,8051,13280,13997,15899,18824,25596,20852,25225,24717,28569,17634,16144,18295,21701,22030,16119,13078,11807,12408,18063,18532,18406,18298,19656,18435,18218,17370,22774,17681,19295,22970,18884,20595,29310,28304,25572,19105,25501,24915,33789,32658,29662,29364,25319,20826,21871,22334,20049,18738,18733,19579
P1TCB,11288,10429,11350,13364,12682,11770,17282,18093,19619,22399,29593,24664,29007,28613,32973,21573,20716,23626,26824,26665,19640,16335,14507,15149,21099,21405,21545,21596,22657,21606,21367,20262,25551,20341,22118,25746,21689,23498,32504,31364,28819,22106,28427,27950,36495,35489,32381,31974,27842,23026,24543,25010,22401,21036,21435,22366
P1TXB,11288,10429,11350,13364,12682,11770,17282,18093,19619,22399,29593,24664,29007,28613,32973,21573,20716,23626,26824,26665,19640,16335,14507,15149,21099,21405,21545,21596,22657,21606,21367,20262,25551,20341,22118,25746,21689,23498,32504,31364,28819,22106,28427,27950,36495,35489,32381,31974,27842,23026,24543,25010,22401,21036,21435,22366
PAACB,100218,105154,114187,121139,125059,120070,127395,134469,155753,163971,168767,176628,197890,218639,209653,212199,218932,237546,250871,253020,243619,243521,241895,250397,265530,274055,286589,295052,303873,302971,299469,308259,312685,335205,341205,354137,376654,375694,404699,428917,438966,452686,464408,480804,493024,513171,526524,519125,481311,453678,447439,445147,436868,443677,447244,455146
PACCB,1767,1810,2104,2186,2523,2397,2382,2685,3121,3489,3229,3534,4350,5639,5789,4948,5710,7912,7733,5135,3292,2338,3667,3157,3089,4489,4227,5810,4301,3794,4862,4743,4145,3357,3382,3313,4527,4802,7844,7268,6619,5973,6373,4452,3299,3848,3690,4762,8959,6423,8861,8798,8534,8002,7786,16897
PAEIB,274,172,621,554,697,294,98,104,313,290,128,2599,9467,46603,52718,45808,39023,50905,34811,33236,9995,3000,2398,4597,4382,2145,1413,2566,1286,2171,1228,930,789,651,1375,697,730,643,679,516,2361,3944,583,556,529,457,766,490,512,599,678,556,437,466,624,532
PAICB,17532,17549,16075,17625,16285,20140,27244,27644,26320,30238,37363,34601,45087,50616,53063,40289,40071,50492,59271,49749,42192,33457,27823,27907,36483,33117,39237,34697,35322,40913,39043,37772,44461,38172,40391,49092,47700,48860,53421,54822,52638,50159,52533,49448,60070,67551,63499,61295,67315,53829,56440,61079,58687,57766,54271,54862
PARCB,1634,2127,2790,2777,2946,2877,2141,3065,3121,3385,3828,3877,4320,4381,4573,3553,3660,4336,4734,4715,2258,2173,2740,3163,2505,3357,3217,3882,2983,2858,2697,3016,3256,2880,2929,3367,2755,2517,3559,4900,4307,4082,4163,3334,2871,2997,3235,3019,5179,4893,4592,5253,3187,4039,3864,3317
PATCB,121426,126812,135778,144282,147509,145778,159259,167967,188628,201372,213315,221239,261115,325878,325795,306795,307396,351192,357419,345855,301356,284490,278523,289221,311990,317164,334683,342006,347765,352707,347299,354720,365336,380265,389282,410605,432366,432517,470202,496423,504891,516845,528059,538595,559794,588023,597715,588691,563277,519423,518011,520833,507713,513950,513790,530755
PATXB,121152,126640,135157,143727,146812,145484,159162,167863,188315,201083,213187,218641,251648,279275,273077,260988,268373,300287,322609,312619,291360,281489,276125,284624,307608,315019,333270,339440,346479,350536,346070,353790,364547,379614,387907,409908,431636,431873,469523,495907,502530,512901,527476,538039,559265,587566,596949,588201,562764,518823,517333,520277,507276,513485,513166,530222
PCCCB,0,0,0,0,0,0,0,0,0,0,0,0,0,0,0,0,0,0,0,0,0,0,0,0,0,0,0,0,0,0,0,0,0,0,0,0,0,0,0,0,0,0,0,0,0,0,0,0,0,0,0,0,0,0,0,0
PCEIB,0,0,0,0,0,0,0,0,0,0,0,0,0,0,0,0,0,0,0,0,0,0,0,0,0,0,0,0,0,0,0,0,0,0,0,0,0,0,0,0,0,0,0,0,0,0,0,0,0,0,0,0,0,0,0,0
PCICB,0,0,0,0,0,0,0,0,0,0,0,0,0,0,0,0,0,0,0,0,0,0,0,0,0,0,0,0,0,0,0,0,0,0,0,0,0,0,0,0,0,0,0,0,0,0,0,0,0,0,0,0,0,0,0,0
PCTCB,0,0,0,0,0,0,0,0,0,0,0,0,0,0,0,0,0,0,0,0,0,0,0,0,0,0,0,0,0,0,0,0,0,0,0,0,0,0,0,0,0,0,0,0,0,0,0,0,0,0,0,0,0,0,0,0
PLICB,0,0,0,0,0,0,0,0,0,0,0,0,0,0,0,0,0,0,0,0,0,0,0,0,0,0,0,0,0,0,0,0,0,0,0,0,0,0,0,0,0,0,0,0,0,0,0,0,0,0,0,0,0,0,0,0
PMTCB,121426,126812,135778,144282,147509,145778,159259,167967,188628,201372,213315,221239,261115,325878,325795,306795,307396,351192,357419,345855,301356,284490,278523,289221,311990,317164,334683,342006,347765,352707,347299,354720,365336,379989,388560,408333,430450,430613,468734,495155,503439,514835,526913,537490,558730,574285,583174,572505,543778,499971,498204,500897,488343,493754,492139,506694
POICB,0,0,0,0,0,0,0,0,0,0,0,239,580,160,233,231,375,448,462,437,424,173,272,0,0,0,0,0,0,742,774,1237,1472,702,616,577,1031,1032,1236,1281,1139,525,551,492,420,447,885,902,939,637,550,520,463,1135,1179,1115
POTCB,0,0,0,0,0,0,0,0,0,0,0,239,580,160,233,231,375,448,462,437,424,173,272,0,0,0,0,0,0,742,774,1237,1472,702,616,577,1031,1032,1236,1281,1139,525,551,492,420,447,885,902,939,637,550,520,463,1135,1179,1115
POTXB,0,0,0,0,0,0,0,0,0,0,0,239,580,160,233,231,375,448,462,437,424,173,272,0,0,0,0,0,0,742,774,1237,1472,702,616,577,1031,1032,1236,1281,1139,525,551,492,420,447,885,902,939,637,550,520,463,1135,1179,1115
PPICB,0,0,0,0,0,0,0,0,0,0,0,0,0,0,0,0,0,0,0,0,0,0,0,0,0,0,0,0,0,0,0,0,0,0,0,0,0,0,0,0,0,0,0,0,0,0,0,0,0,0,0,0,0,0,0,0
RETCB,36181,35083,34533,34861,34271,50095,58060,56423,63456,67840,68919,74136,75189,79348,82058,80897,84428,75681,79870,83414,120006,92583,94968,175999,188831,171680,175103,123114,98749,101497,94753,88774,87528,86942,94235,106203,114080,143511,128116,116145,102228,92523,88025,84184,82440,92072,95313,97104,111361,95594,100031,127975,114511,119024,137981,147409
RFACB,109,90,57,0,6,0,13,0,0,0,0,0,0,0,0,0,0,0,0,0,0,0,0,0,0,0,0,0,0,0,0,0,0,0,0,0,0,0,0,0,0,0,0,0,0,0,0,0,0,0,0,0,0,0,0,0
RFCCB,248,110,104,78,357,108,104,96,198,414,193,303,263,917,1087,524,1320,2543,1916,491,0,224,994,4,11,1,0,0,6,0,0,69,0,0,0,0,30,0,0,0,0,0,0,0,0,0,0,0,0,0,0,0,0,0,0,0
RFEIB,258,162,586,523,658,278,92,98,296,273,121,2562,8806,43691,48858,36191,32610,43887,27858,29743,7453,1274,909,3329,3331,913,15,656,141,922,61,85,72,99,977,76,143,3,0,78,286,1413,0,0,45,4,4,0,0,0,0,0,0,0,0,0
RFICB,170,236,179,112,289,127,223,373,246,333,349,493,1000,1486,1560,643,1645,2518,1406,734,966,131,97,32,81,193,240,110,197,36,114,1102,585,1094,280,433,500,88,123,172,145,172,183,0,206,131,108,136,0,0,0,41,0,0,0,0
RFTCB,785,597,926,713,1310,513,432,566,740,1020,663,3357,10070,46094,51505,37358,35575,48948,31180,30968,8419,1629,2000,3365,3423,1107,255,766,343,959,174,1257,657,1193,1257,509,674,91,123,250,431,1585,183,0,251,135,112,136,0,0,0,41,0,0,0,0
RFTXB,527,435,340,190,652,235,340,469,445,746,542,796,1263,2403,2647,1168,2965,5061,3322,1225,966,355,1091,36,92,194,240,110,202,36,114,1171,585,1094,280,433,530,88,123,172,145,172,183,0,206,131,108,136,0,0,0,41,0,0,0,0
SFCCB,,,,,,,,,,,,,,,,,,,,,1,0,0,0,0,0,26,29,0,0,0,0,0,0,0,0,0,0,0,0,0,0,0,0,0,0,0,0,0,0,0,0,0,0,0,0
SFEIB,,,,,,,,,,,,,,,,,,,,,3,0,0,0,0,0,33,28,0,0,0,0,0,0,0,0,0,0,0,0,0,0,0,0,0,0,0,0,0,0,0,0,0,0,0,0
SFINB,,,,,,,,,,,,,,,,,,,,,2,0,0,0,0,0,9,18,0,0,0,0,0,0,0,0,0,0,0,0,0,0,0,0,0,0,0,0,0,0,0,0,0,0,0,0
SFRCB,,,,,,,,,,,,,,,,,,,,,1,0,0,0,0,0,27,30,0,0,0,0,0,0,0,0,0,0,0,0,0,0,0,0,0,0,0,0,0,0,0,0,0,0,0,0
SFTCB,,,,,,,,,,,,,,,,,,,,,7,0,0,0,0,0,95,105,0,0,0,0,0,0,0,0,0,0,0,0,0,0,0,0,0,0,0,0,0,0,0,0,0,0,0,0
SGICB,0,0,0,0,0,0,0,0,0,0,0,217,534,149,215,212,342,410,420,410,394,298,469,0,0,0,0,0,0,951,985,953,979,0,0,0,0,0,0,0,0,0,0,0,0,0,0,0,0,0,0,0,0,0,0,0
SNICB,0,0,0,0,0,0,0,0,0,0,0,0,0,0,0,0,0,0,0,0,0,0,0,0,0,0,0,0,0,0,0,337,400,400,310,271,229,222,329,446,299,156,204,160,102,124,473,527,573,312,176,153,99,719,763,714
SOCCB,0,0,0,0,0,0,0,0,0,0,0,0,0,0,0,0,0,0,0,0,0,0,0,0,0,0,0,0,0,1,1,1,1,1,2,2,2,2,3,3,3,4,5,6,7,10,22,31,83,165,561,2050,2996,4083,4812,4886
SOEGB,0,0,0,0,0,0,0,0,0,0,0,0,0,0,0,0,0,0,0,0,0,0,0,0,0,0,0,0,0,0,0,0,0,0,0,0,0,0,0,0,0,5,5,4,43,136,130,85,145,138,154,790,9050,19959,29651,32010
SOICB,0,0,0,0,0,0,0,0,0,0,0,0,0,0,0,0,0,0,0,0,0,0,0,0,0,0,0,0,0,0,0,0,0,0,0,0,0,1,1,1,1,1,1,1,2,2,2,3,7,16,66,282,463,660,793,1369
SORCB,0,0,0,0,0,0,0,0,0,0,0,0,0,0,0,0,0,0,0,0,0,0,0,0,0,0,0,0,0,3470,3618,3659,3723,3792,3834,3842,3858,3789,3709,3569,3340,3076,2866,2748,2620,2425,2506,2628,2873,3118,3700,4325,5411,6762,8277,9950
SOTCB,0,0,0,0,0,0,0,0,0,0,0,0,0,0,0,0,0,0,0,0,0,0,0,0,0,0,0,0,0,3471,3619,3661,3725,3794,3836,3844,3861,3792,3713,3573,3344,3086,2877,2759,2671,2574,2660,2747,3108,3437,4481,7447,17920,31464,43533,48215
SOTXB,0,0,0,0,0,0,0,0,0,0,0,0,0,0,0,0,0,0,0,0,0,0,0,0,0,0,0,0,0,3471,3619,3661,3725,3794,3836,3844,3861,3792,3713,3573,3344,3081,2872,2755,2628,2438,2529,2662,2963,3298,4327,6657,8870,11505,13882,16205
TEACB,116689,121239,129736,136740,143719,139440,148689,159735,183622,192910,194132,204293,225168,243872,233258,230139,235052,253261,267032,274217,265930,269190,261440,263389,279868,293446,299712,312325,322840,322219,325563,332408,336939,353218,367019,373454,394448,395088,425226,448523,460633,475918,485943,500434,510518,533071,549554,542108,506143,477039,465193,460210,451237,458401,463415,473653
TEAPB,88,86,88,90,92,88,92,97,109,111,108,108,112,115,105,101,100,104,106,104,97,96,90,89,91,92,91,91,91,89,88,88,86,87,86,84,86,83,87,89,89,90,90,91,90,91,91,88,81,75,73,71,69,69,69,69
TECCB,67121,50833,48939,53382,65189,58322,59714,69119,71953,79632,82048,92436,102024,113227,120151,122327,132618,138812,135139,133632,138143,136448,138108,138339,154915,169407,174401,191762,197502,212422,211749,205540,211108,213724,226007,237099,252972,261203,277198,287672,305907,304240,303420,302515,306128,316020,325173,341412,342238,332900,333887,347383,343550,350068,342191,347268
TECPB,51,36,33,35,42,37,37,42,43,46,46,49,51,53,54,54,57,57,54,51,50,49,48,47,51,53,53,56,56,59,57,54,54,53,53,53,55,55,57,57,59,58,56,55,54,54,54,55,54,52,52,54,52,53,51,51
TEEIB,87695,94246,99810,99653,92266,93066,106451,101931,117937,133351,135279,153005,169687,191124,221293,229861,276145,313874,315996,370481,396295,429388,413849,441907,482780,507507,539383,545655,647660,558719,651526,692119,726110,698655,734003,723170,751259,814931,846644,863646,918883,924511,939330,933176,1018483,969652,987643,1056430,1116351,1057633,1070205,1057870,1061480,1091033,1089027,1080023
TEICB,50443,81606,97977,105564,100335,119157,132017,119087,128494,143594,155486,158793,178728,190522,198490,178043,190086,207170,207039,231141,196748,231938,191847,190213,197785,194663,197106,169633,184639,193891,186577,189466,203239,196370,207897,227570,234193,239201,232912,232150,221639,210233,200735,194689,220740,217267,222834,221141,232862,197095,206836,223701,219101,212491,235200,235105
TEIPB,38,58,67,69,64,75,82,72,76,83,87,84,89,90,89,78,81,85,82,88,72,83,66,64,64,61,60,49,52,54,51,50,52,48,49,51,51,50,48,46,43,40,37,35,39,37,37,36,37,31,32,35,33,32,35,34
TERCB,48822,51195,48297,52657,60453,58335,63078,66565,72093,82068,88751,98706,110553,122522,124451,129539,134165,139688,138822,147549,153746,150384,155167,166110,170122,185643,181807,192155,201496,214634,215022,217259,221813,225035,241806,240875,263262,273500,287415,295929,323206,331329,325493,336690,347467,359577,374050,394009,385442,373833,376076,390863,378720,389666,377759,383837
TERPB,37,36,33,35,39,37,39,40,43,47,50,52,55,58,56,57,57,58,55,56,56,54,54,56,55,58,55,56,57,59,58,57,57,55,57,54,57,58,59,59,63,63,60,61,61,62,62,64,61,59,59,60,58,59,56,56
TETCB,283075,304873,324948,348343,369697,375254,403499,414505,456162,498204,520418,554228,616472,670143,676350,660048,691920,738931,748032,786539,754566,787960,746562,758051,802689,843159,853027,865876,906477,943166,938911,944672,973101,988348,1042730,1078997,1144875,1168993,1222751,1264275,1311386,1321721,1315590,1334327,1384853,1425934,1471611,1498671,1466686,1380867,1381992,1422157,1392607,1410627,1418565,1439863
TETGR,,,,,,,,,,,,,,,,,,,,,,,,,,,,,,,,,,,,,,7.16,6.89,6.57,6.48,6.39,6.2,5.94,5.96,5.67,5.53,5.5,5.58,5.69,5.68,5.74,5.51,5.55,5.49,5.49
TETPB,214,217,221,229,238,237,250,252,271,287,290,292,307,315,304,289,295,305,297,298,276,280,258,255,262,265,258,252,256,260,255,249,249,243,246,243,250,247,250,252,254,251,244,242,245,244,244,243,234,218,216,220,213,213,211,211
TETXB,283075,304873,324948,348343,369697,375254,403499,414505,456162,498204,520418,554228,616473,670142,676350,660048,691920,738931,748032,786539,754566,787961,746561,758051,802689,843159,853027,865876,906477,943166,938911,944672,973100,988347,1042730,1078997,1144875,1168993,1222751,1264274,1311386,1321720,1315591,1334328,1384853,1425934,1471611,1498670,1466685,1380867,1381993,1422157,1392608,1410627,1418565,1439863
TNACB,116689,121239,129736,136740,143719,139440,148689,159735,183622,192910,194132,204293,225168,243872,233258,230139,235052,253261,267032,274217,265930,269190,261440,263389,279868,293446,299712,312325,322840,322219,325563,332408,336939,353218,367019,373454,394448,395088,425226,448523,460633,475918,485943,500434,510518,533071,549554,542108,506143,477039,465193,460210,451237,458401,463415,473612
TNCCB,39258,26400,25049,27409,38325,33528,32923,39844,41222,44595,43334,48799,53154,61116,63885,63706,70355,71898,67320,62911,63372,62437,63172,61753,68010,73328,74221,83587,84759,88140,89874,87878,88977,89914,95127,97152,101706,107262,115572,118085,123733,122683,125620,125088,127223,131686,136163,143754,146814,140132,141153,145109,145448,148766,144423,154069
TNICB,37948,65324,76071,82994,76427,92028,102682,90463,98215,109175,116267,117681,133041,142166,145950,121835,131273,148002,145665,165454,131149,151780,126734,126721,139686,128575,133131,105490,114673,117311,110425,111991,120738,114966,124629,137157,135312,139779,139373,139044,131904,126600,122819,118528,139148,140907,141888,141486,149480,123621,130642,139040,136049,128594,136202,136861
TNRCB,37393,36671,34241,37063,43277,40167,40944,42770,45697,50214,53033,58135,63026,68134,65911,71123,74575,75630,69482,71770,74754,74241,78498,82443,83677,89919,85822,87784,90210,94531,98311,100792,100693,101289,107640,104895,110515,118342,126330,127619,137038,138725,138854,143093,149276,154605,160336,170658,170100,158361,160000,164142,159063,167828,159355,165022
TNTXB,231287,249634,265098,284206,301748,305164,325238,332812,368757,396894,406765,428908,474389,515287,509004,486803,511255,548791,549500,574353,535206,557648,529843,534307,571240,585268,592886,589186,612481,622201,624174,633069,647347,659386,694415,712658,741981,760471,806501,833271,853307,863926,873237,887143,926165,960268,987942,998007,972537,899153,896989,908501,891797,903590,903395,929565
TPOPP,1321,1407,1471,1521,1556,1584,1614,1646,1682,1737,1792,1896,2008,2124,2223,2285,2346,2425,2515,2636,2738,2810,2890,2969,3067,3184,3308,3437,3535,3622,3684,3789,3916,4065,4245,4432,4587,4737,4883,5024,5161,5273,5396,5510,5652,5839,6029,6168,6280,6343,6408,6467,6550,6625,6720,6818
UOICB,0,0,0,0,0,0,0,0,0,0,0,0,0,0,0,0,0,0,0,0,0,-74,-135,0,0,0,0,0,0,-245,-247,-301,-240,0,0,0,0,0,0,0,0,0,0,0,0,0,0,0,0,0,0,0,0,0,0,0
USICB,0,0,0,0,0,0,0,0,0,0,0,0,0,0,0,0,0,0,0,0,0,0,0,0,0,0,0,0,0,0,0,0,0,0,0,0,0,0,0,0,0,0,0,0,0,0,0,0,0,0,0,0,0,0,0,0
WDCCB,52,52,51,50,50,49,50,52,54,55,57,54,52,51,53,65,71,79,77,87,217,284,278,297,323,352,396,249,274,639,898,938,989,1165,1115,1126,1169,1619,1414,1487,1592,1000,1024,1066,1042,1339,1242,1319,1392,405,400,385,337,391,401,438
WDEIB,0,0,0,0,0,0,0,0,0,0,0,0,0,0,0,0,0,0,0,0,0,0,0,0,0,0,0,0,0,0,0,0,0,0,0,0,0,0,0,0,0,0,0,0,0,289,198,0,1463,1524,1675,1812,2136,1597,2823,3275
WDICB,998,946,912,1256,1359,1066,980,1410,1290,1445,1273,1582,1961,1858,1944,1944,1961,2614,3010,3629,8865,8876,8400,9364,9303,9115,9900,9691,9992,6935,4511,4922,4962,3679,3931,4843,2786,2968,527,545,526,1114,699,714,757,765,648,671,644,564,619,150,153,121,121,121
WDRCB,2769,2718,2666,2632,2649,2580,2649,2718,2804,2890,3010,2890,2769,2666,2786,3406,3784,4145,4042,4575,8753,11810,12263,13116,14386,14819,13498,7308,7800,7885,8220,8617,9041,8651,8212,8212,8528,9692,8613,8840,9520,5681,5766,6070,6222,8341,7397,8176,9149,2866,2502,2559,2388,3298,3358,2501
WSCCB,0,0,0,0,0,0,0,0,0,0,0,0,0,0,0,0,0,0,0,0,0,0,0,0,0,0,0,0,0,0,0,0,0,0,0,0,0,0,0,68,64,69,46,47,0,55,65,67,58,49,56,72,45,0,0,0
WSEIB,194,122,44,91,31,0,0,0,0,0,0,0,0,0,0,0,0,0,0,0,0,0,0,0,0,0,0,0,0,0,0,0,0,0,0,0,0,0,0,0,0,341,381,327,361,355,327,214,237,221,359,562,657,857,782,633
WSICB,0,0,0,0,0,0,0,0,0,0,0,0,0,0,0,0,0,0,0,0,0,480,652,860,1128,1272,248,273,299,161,112,109,103,100,201,200,307,238,280,283,223,162,236,228,225,238,571,648,639,707,722,31,28,31,31,31
WWCCB,52,52,51,50,50,49,50,52,54,55,57,54,52,51,53,65,71,79,77,87,217,284,278,297,323,352,396,249,274,639,898,938,989,1165,1115,1126,1169,1619,1414,1555,1656,1069,1070,1113,1042,1394,1307,1386,1450,454,456,457,382,391,401,438
WWEIB,194,122,44,91,31,0,0,0,0,0,0,0,0,0,0,0,0,0,0,0,0,0,0,0,0,0,0,0,0,0,0,0,0,0,0,0,0,0,0,0,0,341,381,327,361,644,524,214,1700,1745,2034,2374,2794,2455,3604,3908
WWICB,998,946,912,1256,1359,1066,980,1410,1290,1445,1273,1582,1961,1858,1944,1944,1961,2614,3010,3629,8865,9357,9052,10224,10431,10387,10148,9964,10291,7096,4623,5031,5065,3778,4132,5042,3093,3206,807,829,749,1276,935,941,982,1004,1218,1319,1283,1270,1341,180,181,152,152,152
WWTCB,4013,3837,3672,4028,4089,3695,3679,4180,4147,4389,4339,4526,4782,4574,4783,5414,5816,6838,7129,8291,17835,21451,21593,23637,25139,25558,24043,17521,18365,15620,13741,14585,15095,13594,13459,14380,12790,14517,10834,11223,11924,8366,8153,8451,8607,11383,10447,11095,13582,6335,6333,5570,5746,6295,7515,6999
WWTXB,3819,3715,3628,3937,4058,3695,3679,4180,4147,4389,4339,4526,4782,4574,4783,5414,5816,6838,7129,8291,17835,21451,21593,23637,25139,25558,24043,17521,18365,15620,13741,14585,15095,13594,13459,14380,12790,14517,10834,11223,11924,8025,7771,8124,8246,10738,9923,10881,11882,4590,4299,3196,2952,3840,3910,3091
WXICB,0,0,0,0,0,0,0,0,0,0,0,0,0,0,0,0,0,0,0,0,0,0,0,0,0,0,0,0,0,0,0,265,281,302,306,306,354,319,309,273,241,254,225,217,215,220,209,175,153,97,136,120,122,163,146,122
WYCCB,0,0,0,0,0,0,0,0,0,0,0,0,0,0,0,0,0,0,0,0,0,0,0,0,0,0,0,0,0,0,0,0,0,0,0,0,0,0,0,0,0,0,0,0,0,0,0,0,0,0,0,0,0,0,0,0
WYEGB,0,0,0,0,0,0,0,0,0,0,0,0,0,0,0,0,0,0,0,0,0,0,0,0,0,0,0,0,0,0,0,0,0,0,0,0,0,0,0,0,0,0,0,0,0,0,0,0,0,288,1316,2483,5059,4291,4452,4213
WYICB,0,0,0,0,0,0,0,0,0,0,0,0,0,0,0,0,0,0,0,0,0,0,0,0,0,0,0,0,0,0,0,0,0,0,0,0,0,0,0,0,0,0,0,0,0,0,0,0,0,0,0,0,0,0,0,0
WYTCB,0,0,0,0,0,0,0,0,0,0,0,0,0,0,0,0,0,0,0,0,0,0,0,0,0,0,0,0,0,0,0,0,0,0,0,0,0,0,0,0,0,0,0,0,0,0,0,0,0,288,1316,2483,5059,4291,4452,4213
WYTXB,0,0,0,0,0,0,0,0,0,0,0,0,0,0,0,0,0,0,0,0,0,0,0,0,0,0,0,0,0,0,0,0,0,0,0,0,0,0,0,0,0,0,0,0,0,0,0,0,0,0,0,0,0,0,0,0
