ABICB,0,0,0,0,0,0,0,0,0,0,0,0,0,0,0,0,0,0,0,0,0,717,766,108,12,586,81,7,-157,15,33,-10,20,19,769,642,848,1092,475,747,449,739,907,885,1251,1016,76,208,11,-87,-27,1,0,-40,-15,-36
ARICB,70774,76145,78080,80479,83422,78915,80100,73535,78732,86849,80190,80855,81143,87352,79024,87239,93449,99519,101860,142558,122309,65242,65154,73769,101279,91894,102017,109216,101815,99514,98621,94570,89971,82504,81208,81036,82280,76391,103334,135150,135104,125555,118493,90544,91630,87110,80492,99922,82941,52437,33127,60093,53841,60091,57377,61494
ARTCB,70774,76145,78080,80479,83422,78915,80100,73535,78732,86849,80190,80855,81143,87352,79024,87239,93449,99519,101860,142558,122309,65242,65154,73769,101279,91894,102017,109216,101815,99514,98621,94570,89971,82504,81208,81036,82280,76391,103334,135150,135104,125555,118493,90544,91630,87110,80492,99922,82941,52437,33127,60093,53841,60091,57377,61494
ARTXB,70774,76145,78080,80479,83422,78915,80100,73535,78732,86849,80190,80855,81143,87352,79024,87239,93449,99519,101860,142558,122309,65242,65154,73769,101279,91894,102017,109216,101815,99514,98621,94570,89971,82504,81208,81036,82280,76391,103334,135150,135104,125555,118493,90544,91630,87110,80492,99922,82941,52437,33127,60093,53841,60091,57377,61494
AVACB,27173,17355,24955,22040,19461,16870,16101,14298,14376,11905,11024,10278,10477,10289,9988,8280,7926,8314,8852,8489,1440,666,5779,5891,5286,6837,6754,5470,6621,6575,5581,5506,5345,4134,4003,4073,3881,4222,2899,4167,3651,2706,3025,3033,2795,2676,2326,2234,2057,1439,1757,1911,1911,1726,2371,3585
AVTCB,27173,17355,24955,22040,19461,16870,16101,14298,14376,11905,11024,10278,10477,10289,9988,8280,7926,8314,8852,8489,1440,666,5779,5891,5286,6837,6754,5470,6621,6575,5581,5506,5345,4134,4003,4073,3881,4222,2899,4167,3651,2706,3025,3033,2795,2676,2326,2234,2057,1439,1757,1911,1911,1726,2371,3585
AVTXB,27173,17355,24955,22040,19461,16870,16101,14298,14376,11905,11024,10278,10477,10289,9988,8280,7926,8314,8852,8489,1440,666,5779,5891,5286,6837,6754,5470,6621,6575,5581,5506,5345,4134,4003,4073,3881,4222,2899,4167,3651,2706,3025,3033,2795,2676,2326,2234,2057,1439,1757,1911,1911,1726,2371,3585
BMTCB,82098,83506,86898,93022,98436,97488,100673,101885,110274,116253,116839,119221,127646,130122,134723,127489,144760,151984,160261,168373,115610,133092,127114,148644,165871,167092,129117,157927,169036,235903,222587,219221,226570,193993,195852,181972,175098,158854,146909,155665,164105,164118,171469,205789,228393,225462,219073,224673,229209,236484,280124,282581,280970,294412,298985,288539
CLACB,587,258,153,166,191,199,145,122,117,91,86,59,43,43,28,8,5,4,0,0,0,0,0,0,0,0,0,0,0,0,0,0,0,0,0,0,0,0,0,0,0,0,0,0,0,0,0,0,0,0,0,0,0,0,0,0
CLCCB,64,55,57,36,68,111,137,128,98,993,1055,35,48,0,20,0,0,0,68,67,73,38,39,39,637,974,0,11,113,194,465,841,4,2700,3282,2693,3628,2232,2426,576,500,1,1,5,168,410,30,0,0,0,0,0,0,0,0,0
CLEIB,0,0,0,0,0,0,0,0,0,0,0,0,0,0,0,0,0,0,0,0,0,0,0,0,0,0,0,0,0,8508,18840,25499,26710,27751,26581,23328,20000,17965,20082,22121,22070,21112,22896,21715,22535,20692,21921,23358,23630,21085,21776,19692,13153,6214,6866,0
CLICB,35160,58714,39389,45876,53370,63237,51052,53530,56671,57683,59327,50886,47326,66913,60613,56397,66625,75105,67804,68481,66077,78354,69368,31976,36456,44016,42519,44937,50679,57673,64738,62994,64801,53625,54174,57900,56202,62178,43348,46772,47380,46727,47113,47749,46188,46284,45062,43136,39420,31318,33196,35572,30679,31938,32620,30967
CLKCB,34470,57507,38330,44969,52529,62570,50062,52998,56293,57289,59013,50524,47094,66579,59760,48888,50815,49435,41703,44188,40467,38726,34705,0,0,0,0,0,0,0,0,0,0,0,0,0,0,0,0,0,0,0,0,0,0,0,0,0,0,0,0,0,0,0,0,0
CLOCB,690,1208,1059,906,842,667,989,532,378,394,314,362,232,335,853,7509,15810,25670,26101,24293,25610,39628,34663,31976,36456,44016,42519,44937,50679,57673,64738,62994,64801,53625,54174,57900,56202,62178,43348,46772,47380,46727,47113,47749,46188,46284,45062,43136,39420,31318,33196,35572,30679,31938,32620,30967
CLRCB,92,79,82,50,94,147,181,169,124,1264,1343,34,36,0,9,0,0,0,20,17,19,8,8,7,149,275,0,3,32,52,116,185,1,593,579,402,495,276,300,79,62,0,0,1,19,36,3,0,0,0,0,0,0,0,0,0
CLTCB,35903,59106,39681,46127,53723,63693,51515,53949,57011,60031,61812,51015,47452,66956,60670,56405,66630,75109,67892,68565,66170,78401,69415,32022,37243,45264,42519,44951,50824,66427,84160,89519,91515,84669,84616,84323,80324,82651,66157,69547,70012,67839,70010,69469,68909,67422,67017,66495,63050,52403,54972,55264,43832,38151,39486,30967
CLTXB,35903,59106,39681,46127,53723,63693,51515,53949,57011,60031,61812,51015,47452,66956,60670,56405,66630,75109,67892,68565,66170,78401,69415,32022,37243,45264,42519,44951,50824,57919,65320,64020,64805,56918,58035,60995,60324,64686,46075,47426,47942,46727,47114,47754,46374,46730,45095,43136,39420,31318,33196,35572,30679,31938,32620,30967
COICB,0,0,0,0,0,0,0,0,0,0,0,0,0,0,0,0,0,0,0,0,0,0,0,114700,110204,104256,85264,60083,70666,48659,42182,38947,27364,21153,18682,14535,13729,4623,0,0,0,0,0,0,0,0,0,0,0,0,0,0,0,0,0,0
DFACB,89200,92174,107487,117241,121027,122513,129024,134232,155257,169639,171534,208201,190211,208394,185016,177824,191817,212902,243245,241251,243488,261723,243405,255052,273346,290618,309339,270737,348064,342518,323856,325205,313881,286878,324431,337210,343147,364674,364004,376996,410387,414150,421152,405115,452446,473042,485179,494331,430665,424362,429575,438167,420968,437704,460030,464250
DFCCB,3710,3402,3055,2908,3499,3264,3460,3549,3390,3559,3825,4516,4924,5850,4162,3768,4810,5642,6016,8241,18785,21745,25613,39899,46776,19899,33412,33967,34232,27198,23846,25793,13247,13748,13550,18413,14896,14476,15463,15975,18063,16515,12744,10453,9676,11451,8594,10606,16453,20296,27289,24196,21745,20143,19298,21003
DFEIB,700,678,500,458,502,486,565,529,554,576,621,1314,-84,713,412,865,1685,834,8382,12288,9215,6129,1825,1338,1531,1793,2026,2041,972,1963,1538,811,831,722,667,623,842,1649,1727,1621,5232,7981,1303,1481,1354,1404,1168,975,1012,669,436,365,354,357,380,385
DFICB,58992,61992,60572,64793,76930,75736,83086,80853,63012,50064,49569,58559,69658,82722,62233,61273,64867,77797,88521,121472,90729,103305,120550,99611,116782,103560,88746,90237,92878,95876,99470,83076,73742,75855,81300,67887,69056,81686,74767,85923,108733,126275,85211,62549,82722,76972,80437,66288,73512,59613,70494,77237,74886,74531,80147,80625
DFRCB,2825,2591,2326,2214,2665,2486,2635,2703,2582,2710,2913,3439,3750,4455,3169,2869,3663,4297,4582,6276,550,418,418,740,868,839,1416,1408,1236,1419,1174,1154,1332,1337,1334,1019,860,925,982,996,1403,1708,854,702,829,906,890,554,839,2249,934,629,370,552,543,444
DFTCB,155427,160838,173939,187614,204623,204484,218770,221865,224794,226549,228462,276030,268459,302135,254992,246600,266843,301471,350747,389528,362766,393320,391811,396640,439303,416709,434940,398389,477383,468973,449885,436039,403033,378540,421283,425152,428801,463409,456943,481512,543818,566629,521263,480299,547027,563775,576268,572755,522482,507189,528729,540594,518323,533287,560398,566707
DFTXB,154727,160160,173440,187156,204121,203999,218206,221336,224241,225972,227841,274715,268543,301422,254580,245734,265158,300637,342365,377240,353552,387191,389986,395302,437772,414916,432914,396348,476411,467010,448346,435228,402202,377818,420616,424530,427958,461760,455216,479891,538586,558648,519961,478818,545673,562371,575100,571780,521470,506520,528292,540229,517969,532929,560018,566322
DKEIB,700,678,500,458,502,486,565,529,554,576,621,1314,1452,1819,1314,1421,3647,11596,15430,17754,14754,6214,1825,1338,1531,1793,2026,2041,972,1963,1538,811,831,722,667,623,842,1649,1727,1621,5232,7981,1303,1481,1354,1404,1168,975,1012,669,436,365,354,357,380,385
ELEXB,1363,1501,1560,1519,80,10,0,0,0,0,37,37,0,5,0,0,0,0,0,0,44,120,0,23,233,488,390,302,495,1906,1787,572,86,157,346,780,967,1200,6717,4313,7254,1246,672,77,164,352,1927,999,2302,1769,1369,1311,929,207,206,509
ELIMB,0,0,0,0,0,0,0,0,0,0,0,0,0,0,0,0,0,0,0,0,347,149,20,115,448,14322,13288,26723,25354,16330,17545,10775,7160,6867,7360,6712,5158,5703,4613,4955,18791,11668,7051,14154,4405,19210,10019,19781,18321,10397,11852,21392,30281,37569,42204,47026
ELISB,6480,10119,-5884,-22652,-14845,-2703,14027,6948,52802,76757,137180,204032,279958,195794,259717,417168,549254,385391,443647,369623,460241,556506,623126,607930,692784,687342,722692,712617,849117,637471,717754,790680,658147,532287,553658,611846,756888,886833,831879,865793,703265,815176,865385,831956,969495,837486,820902,829649,950676,854217,835639,868273,828809,813848,821250,805608
ELNIB,-1363,-1501,-1560,-1519,-80,-10,0,0,0,0,-37,-37,0,-5,0,0,0,0,0,0,303,28,20,91,215,13834,12899,26421,24859,14424,15758,10203,7073,6710,7014,5932,4191,4502,-2104,643,11536,10423,6379,14078,4241,18858,8092,18782,16019,8628,10483,20081,29352,37362,41998,46516
EMACB,0,0,0,0,0,0,0,0,0,0,0,0,0,0,0,0,0,0,0,0,0,1405,3783,3834,3084,1460,1399,2093,4060,3641,3863,4858,540,1974,2782,8666,7312,7330,5525,4807,5475,7542,8849,49263,71034,77798,76845,80803,82138,80803,124927,121519,117563,121300,124050,123677
EMCCB,0,0,0,0,0,0,0,0,0,0,0,0,0,0,0,0,0,0,0,0,0,9,22,26,18,10,9,18,24,21,25,27,3,2,2,7,5,5,4,3,4,5,6,36,52,57,58,60,63,61,94,93,89,96,93,3622
EMICB,0,0,0,0,0,0,0,0,0,0,0,0,0,0,0,0,0,0,0,0,0,8,19,16,22,17,16,24,40,38,41,54,6,17,25,80,64,67,55,28,32,98,117,681,1098,1113,1121,956,896,857,2066,2031,2108,2232,1643,2155
EMLCB,0,0,0,0,0,0,0,0,0,0,0,0,0,0,0,0,0,0,0,0,0,0,0,0,0,262,276,300,299,281,234,273,286,300,328,314,128,226,265,245,294,322,438,509,458,886,2252,5047,5301,2721,3865,9824,9506,8927,9823,10757
EMTCB,0,0,0,0,0,0,0,0,0,0,0,0,0,0,0,0,0,0,0,0,0,1421,3825,3876,3124,1486,1424,2135,4124,3701,3929,4940,548,1993,2809,8752,7381,7402,5585,4838,5511,7646,8972,49980,72184,78968,78024,81818,83097,81722,127087,123643,119760,123628,125787,129454
ESACB,225,221,225,226,227,226,225,223,223,222,222,222,273,654,527,904,1002,806,761,771,691,799,872,851,845,908,906,894,929,938,1076,1177,1321,1391,1451,1444,1463,1631,1776,1842,2068,2252,2017,2760,3072,2888,2992,2893,2958,2881,2802,2820,2337,2851,2837,2858
ESCCB,75197,90130,96501,100941,101211,102076,111556,114992,125636,129216,138644,145715,161970,168361,156782,197370,207112,207532,209125,214393,216544,231440,226608,214696,243545,251095,254969,265397,275476,286337,301318,293765,299742,295290,288413,293540,302320,314926,338017,326771,340858,366415,371813,373879,405867,401082,413722,422031,426590,413212,413370,418928,415553,398719,407714,403927
ESICB,68889,67069,63876,69560,87087,98621,109746,117786,126713,135681,143881,150112,158456,160414,146052,157134,168116,174642,176783,184616,177042,169069,161388,164298,175017,180742,180441,185567,187621,189693,190702,191724,194789,191718,204255,195737,196813,211600,210318,215696,219429,215097,165304,170289,166545,171427,173981,172436,174119,163214,168215,170381,160199,185603,180489,179342
ESRCB,51094,55441,60872,66509,74160,81204,88670,97907,104375,115209,122071,133301,140949,148408,145123,151005,156102,158847,168283,178860,177462,180146,176989,183813,192886,196193,196334,205976,220548,219553,227153,225249,232429,229828,234972,234687,243604,249370,256601,256935,270369,261590,263414,282943,284429,292103,306520,304209,311280,306393,297721,301615,307455,304493,304899,304986
ESTCB,195405,212861,221474,237236,262685,282127,310196,330908,356948,380328,404818,429350,461648,477836,448484,506413,532332,541827,554952,578641,571739,581453,565856,563658,612293,628938,632650,657833,684574,696521,720249,711915,728282,718226,729091,725407,744200,777527,806713,801243,832723,845353,802548,829871,859913,867499,897214,901570,914946,885700,882107,893745,885544,891666,895939,891114
ESTXB,195405,212861,221474,237236,262685,282127,310196,330908,356948,380328,404818,429350,461648,477836,448484,506413,532332,541827,554952,578641,571739,581453,565856,563658,612293,628938,632650,657833,684574,696521,720249,711915,728282,718226,729091,725407,744200,777527,806713,801243,832723,845353,802548,829871,859913,867499,897214,901570,914946,885700,882107,893745,885544,891666,895939,891114
FFTCB,3176223,3353873,3404231,3587210,3900194,3968446,4255290,4354651,4648351,4708602,4806416,4972552,5086532,5270729,4871800,4971979,5162842,5552369,5370543,5704530,5435689,5237875,4709930,4613211,4991844,5097678,4821686,5359200,5428277,5683570,5692736,5553699,5633110,5459215,5730548,5512662,5481047,5563538,5804462,5877136,6103048,6172713,6098528,5909544,6204346,6115996,6232667,6334957,6098017,5860272,5741400,5550014,5687073,5746792,5684179,5774857
FNICB,0,0,0,0,0,0,0,0,0,0,0,0,0,0,0,0,0,0,0,0,0,0,0,0,0,0,0,0,0,0,0,0,0,0,0,0,0,0,0,0,0,0,0,0,0,0,0,0,0,0,0,0,0,0,0,0
FOICB,0,0,0,0,0,0,0,0,0,0,0,0,0,0,0,0,0,0,0,0,0,0,0,0,0,0,0,0,0,0,0,0,0,0,0,0,0,0,0,0,0,0,0,0,0,0,0,0,0,0,0,0,0,0,0,0
FSICB,0,0,0,6328,6164,7160,8165,7425,7797,8224,10135,12892,11493,9306,10838,11553,13741,14714,16683,10897,12606,5929,6917,8357,10054,11463,0,0,0,0,0,0,0,0,0,0,0,0,0,0,0,0,0,0,0,0,0,0,0,0,0,0,0,0,0,0
GDPRX,,,,,,,,,,,,,,,,,,,,,,,,,,,,,,,,,,,,,,1343127,1421713,1525588,1638988,1627983,1669677,1745049,1832792,1910337,1975457,1999340,1993244,1912115,1936487,1962926,2013611,2064534,2141906,2235433
GECCB,0,0,0,0,0,0,0,0,0,0,0,0,0,0,0,0,0,0,0,0,0,0,0,0,0,0,0,0,0,308,321,328,336,339,349,387,481,525,688,538,550,646,660,706,709,735,682,630,532,552,556,659,634,634,634,634
GEEGB,359,1001,1061,1760,2132,1978,1958,3300,4532,6422,5511,5739,15079,20422,25610,33780,37513,37382,30851,40262,52699,59437,50627,63910,80195,96080,105701,110429,104372,142697,151050,154294,152767,154100,140921,118075,127597,129870,130926,133405,125559,125869,132998,131440,131263,130213,127176,128400,126949,125443,122927,121959,119131,117417,115087,110739
GEICB,0,0,0,0,0,0,0,0,0,0,0,0,0,0,0,0,0,0,0,0,0,0,0,0,0,0,0,0,0,480,592,712,829,935,1180,1390,1384,1583,1580,1235,1340,1400,1400,994,1111,1258,1287,1375,1429,1201,1226,1226,1217,1217,1217,1217
GERCB,0,0,0,0,0,0,0,0,0,0,0,0,0,0,0,0,0,0,0,0,0,0,0,0,0,0,0,0,0,172,185,195,205,213,190,204,217,233,242,147,151,162,163,169,165,170,174,187,232,265,273,248,287,287,287,287
GETCB,359,1001,1061,1760,2132,1978,1958,3300,4532,6422,5511,5739,15079,20422,25610,33780,37513,37382,30851,40262,52699,59437,50627,63910,80195,96080,105701,110429,104372,143657,152147,155529,154136,155587,142640,120057,129678,132211,133436,135325,127600,128077,135221,133310,133248,132375,129319,130592,129143,127461,124981,124092,121269,119556,117226,112878
GETXB,0,0,0,0,0,0,0,0,0,0,0,0,0,0,0,0,0,0,0,0,0,0,0,0,0,0,0,0,0,960,1097,1235,1370,1487,1719,1981,2082,2341,2510,1919,2041,2208,2223,1870,1986,2162,2143,2192,2194,2018,2054,2133,2139,2139,2139,2139
HYCCB,0,0,0,0,0,0,0,0,0,0,0,0,0,0,0,0,0,0,0,0,0,0,0,0,0,0,0,0,0,0,77,77,77,119,41,41,119,54,119,108,82,0,0,9,0,54,73,132,0,3,65,45,26,50,39,32
HYEGB,187704,163669,241081,265550,231188,319052,273247,368007,282561,422243,399628,408830,329587,402618,484740,417309,240578,148707,385489,351170,423618,311124,525065,598435,450580,331348,433077,255937,242347,321318,247413,229066,208495,417318,237357,495277,462610,419236,505124,416465,390961,263923,316794,368244,341956,396225,476509,269975,237755,272184,326087,413443,255358,226592,157174,128649
HYICB,1,1,6,1,1,0,0,0,0,0,0,0,0,0,0,0,0,0,0,0,0,0,0,0,0,0,0,0,0,0,0,0,0,0,0,0,0,0,0,0,0,0,0,0,0,0,0,0,0,0,0,0,0,0,0,0
HYTCB,187705,163670,241087,265551,231188,319052,273247,368007,282561,422243,399628,408830,329587,402618,484740,417309,240578,148707,385489,351170,423618,311124,525065,598435,450580,331348,433077,255937,242347,321318,247490,229144,208571,417437,237398,495318,462729,419290,505243,416573,391043,263923,316794,368253,341956,396279,476582,270107,237755,272187,326152,413488,255384,226643,157213,128681
HYTXB,1,1,6,1,1,0,0,0,0,0,0,0,0,0,0,0,0,0,0,0,0,0,0,0,0,0,0,0,0,0,77,77,77,119,41,41,119,54,119,108,82,0,0,9,0,54,73,132,0,3,65,45,26,50,39,32
JFACB,140653,153376,174310,184117,199588,222196,244527,292394,336577,341090,332941,350342,354400,351387,336720,350155,340188,343511,355511,364182,348673,331258,316702,321471,373501,375832,422108,448773,464177,507761,534666,508108,489548,504728,560139,540351,588383,585074,598083,559477,584018,551216,582624,565418,597665,593148,603307,628200,571739,555575,544252,549718,535670,563067,595279,637636
JFTCB,140653,153376,174310,184117,199588,222196,244527,292394,336577,341090,332941,350342,355936,352492,337622,350711,342150,354272,362559,369648,354212,331343,316702,321471,373501,375832,422108,448773,464177,507761,534666,508108,489548,504728,560139,540351,588383,585074,598083,559477,584018,551216,582624,565418,597665,593148,603307,628200,571739,555575,544252,549718,535670,563067,595279,637636
JFTXB,140653,153376,174310,184117,199588,222196,244527,292394,336577,341090,332941,350342,354400,351387,336720,350155,340188,343511,355511,364182,348673,331258,316702,321471,373501,375832,422108,448773,464177,507761,534666,508108,489548,504728,560139,540351,588383,585074,598083,559477,584018,551216,582624,565418,597665,593148,603307,628200,571739,555575,544252,549718,535670,563067,595279,637636
JKACB,43145,54319,67699,74816,87115,129421,148127,186594,216497,238161,246697,260490,270463,276247,259730,277555,271220,271532,287551,298628,278325,268548,250660,257655,299611,304187,351771,380502,391469,436582,475899,464662,456033,482909,559814,539922,588261,585026,598083,559477,584018,551216,582624,565418,597665,593148,603307,628200,571739,555575,544252,549718,535670,563067,595279,637636
JKTCB,43145,54319,67699,74816,87115,129421,148127,186594,216497,238161,246697,260490,272000,277353,260632,278111,273182,282293,294599,304094,283864,268633,250660,257655,299611,304187,351771,380502,391469,436582,475899,464662,456033,482909,559814,539922,588261,585026,598083,559477,584018,551216,582624,565418,597665,593148,603307,628200,571739,555575,544252,549718,535670,563067,595279,637636
JNACB,97508,99057,106611,109301,112473,92775,96400,105800,120080,102928,86243,89852,83937,75139,76990,72600,68968,71979,67960,65554,70348,62710,66043,63817,73891,71644,70336,68270,72708,71178,58767,43447,33515,21819,325,428,122,48,0,0,0,0,0,0,0,0,0,0,0,0,0,0,0,0,0,0
JNTCB,97508,99057,106611,109301,112473,92775,96400,105800,120080,102928,86243,89852,83937,75139,76990,72600,68968,71979,67960,65554,70348,62710,66043,63817,73891,71644,70336,68270,72708,71178,58767,43447,33515,21819,325,428,122,48,0,0,0,0,0,0,0,0,0,0,0,0,0,0,0,0,0,0
KSCCB,259,875,620,414,436,537,507,1040,1892,2524,2892,3072,3535,2313,3817,3685,3535,5369,5936,1378,1259,3130,1837,644,1297,2000,638,953,497,234,106,131,113,107,71,152,390,235,359,163,296,357,155,268,407,333,307,175,79,116,189,144,48,43,51,47
KSICB,5423,4981,4824,4473,5042,3923,4240,3126,890,1242,1861,1843,1808,2140,6503,6613,6515,8836,10085,17594,10643,2625,1089,673,2606,2783,1106,2467,207,243,217,207,128,251,229,318,692,1031,986,412,217,239,84,232,242,238,231,178,83,61,69,65,33,12,96,21
KSRCB,84,284,202,135,142,175,165,338,615,821,940,999,1149,752,1241,1198,1149,1746,1930,448,102,403,102,307,510,412,1040,464,573,613,501,452,185,382,382,459,586,764,1344,1059,1591,1985,1227,1109,1567,1721,1625,864,458,973,816,625,269,257,334,248
KSTCB,5766,6141,5646,5021,5620,4635,4911,4505,3396,4587,5693,5914,6492,5205,11561,11495,11200,15951,17951,19420,12003,6158,3028,1624,4414,5196,2784,3884,1277,1090,824,789,425,740,681,928,1669,2029,2690,1634,2104,2581,1465,1610,2215,2291,2163,1217,621,1149,1074,834,350,313,481,316
KSTXB,5766,6141,5646,5021,5620,4635,4911,4505,3396,4587,5693,5914,6492,5205,11561,11495,11200,15951,17951,19420,12003,6158,3028,1624,4414,5196,2784,3884,1277,1090,824,789,425,740,681,928,1669,2029,2690,1634,2104,2581,1465,1610,2215,2291,2163,1217,621,1149,1074,834,350,313,481,316
LGACB,819,687,809,843,764,800,673,865,920,854,1172,1431,1619,1444,1526,1498,1676,1836,2221,3023,2003,4152,3770,4447,6587,4699,3573,3218,3461,3403,3541,2914,2493,2525,3859,2163,1844,1340,2570,1473,1309,1496,1921,1957,1835,3232,3330,2915,5065,3887,3306,3805,4116,4961,5352,3881
LGCCB,4381,4436,5066,5492,5741,5910,4551,5379,5402,5905,5993,6265,5359,5001,4649,3141,2926,2677,4470,5796,5706,5094,5146,6080,5119,6205,4773,6092,6726,7271,6669,8063,5570,5840,5745,5664,4731,4275,7065,6624,6180,4242,4936,8358,11800,9267,6876,7725,9975,7965,8640,8313,8702,8265,9179,7567
LGICB,17610,18033,20098,21617,20406,20023,21444,21762,25190,33125,34176,35091,43189,49745,55777,57189,57131,50642,51833,59991,46822,39077,35861,31701,48785,46022,51517,55310,54348,59827,43875,34320,52806,35695,40383,30310,20011,14834,11026,18009,21052,22568,32590,23737,17057,6224,10633,6740,14212,19868,19342,20875,19529,18053,19203,17475
LGRCB,12667,12824,14646,15877,16597,17085,13158,15551,15619,17072,17326,18113,15494,14459,13442,9080,8459,7740,12924,16756,16495,14726,14878,17579,14798,17940,13798,17611,19445,21021,19280,23311,16103,16883,16608,16376,13679,12358,20426,19151,17866,12263,14272,20462,24845,28251,24664,26156,32114,30147,31734,29647,23057,23160,17739,19949
LGTCB,35478,35980,40620,43828,43508,43818,39826,43558,47131,56956,58667,60901,65662,70650,75394,70908,70191,62894,71449,85565,71026,63048,59655,59807,75289,74866,73661,82231,83979,91522,73365,68609,76972,60943,66595,54514,40266,32808,41087,45257,46407,40569,53719,54514,55537,46974,45502,43536,61366,61867,63022,62639,55405,54438,51472,48871
LGTXB,35478,35980,40620,43828,43508,43818,39826,43558,47131,56956,58667,60901,65662,70650,75394,70908,70191,62894,71449,85565,71026,63048,59655,59807,75289,74866,73661,82231,83979,91522,73365,68609,76972,60943,66595,54514,40266,32808,41087,45257,46407,40569,53719,54514,55537,46974,45502,43536,61366,61867,63022,62639,55405,54438,51472,48871
LOACB,555,538,540,541,539,540,540,533,533,529,537,535,654,1552,1275,2168,2398,1926,1842,1841,1661,1870,2062,2001,1926,2080,2032,1978,2058,2166,2363,2637,2917,3075,3137,3160,3240,3621,4021,4259,4556,4982,4498,5890,6645,5882,6124,5641,5867,5585,5353,5450,4259,5050,5001,4987
LOCCB,185960,219028,231808,241303,240508,243679,267365,274672,299745,308243,335405,351379,387777,399538,379117,473435,495592,496037,506420,511774,520209,541958,535800,504916,555375,575095,572004,587405,609936,661034,661437,658012,661860,652913,623617,642326,669267,699229,765124,755598,751061,810705,829375,797997,878054,817055,846864,822948,846169,801139,789766,809544,757458,706117,718529,704721
LOICB,170360,162987,153439,166285,206943,235433,263027,281347,302315,323666,348074,361982,379365,380680,353169,376919,402280,417426,428099,440695,425312,395906,381593,386393,399104,413962,404806,410717,415414,437924,418618,429446,430114,423905,441647,428313,435700,469816,476069,498756,483499,475909,368730,363460,360304,349218,356128,336246,345376,316440,321384,329247,292007,328695,318083,312894
LORCB,126353,134729,146224,158993,176225,193855,212514,233862,249021,274830,295312,321444,337451,352189,350923,362218,373533,379672,407517,426955,426320,421844,418479,432288,439854,449351,440461,455888,488319,506856,498634,504540,513226,508171,508065,513545,539283,553677,580834,594114,595743,578777,587578,603906,615333,595050,627427,593197,617444,594039,568812,582846,560421,539247,537334,532102
LOTCB,483229,517281,532011,567121,624215,673507,743445,790413,851614,907268,979328,1035339,1105247,1133958,1084483,1214740,1273803,1295061,1343878,1381265,1373501,1361579,1337933,1325600,1396260,1440488,1419304,1455988,1515727,1607980,1581052,1594635,1608116,1588065,1576467,1587343,1647489,1726342,1826047,1852727,1834860,1870373,1790181,1771253,1860337,1767205,1836543,1758032,1814856,1717203,1685316,1727086,1614144,1579108,1578946,1554704
LOTXB,483229,517281,532011,567121,624215,673507,743445,790413,851614,907268,979328,1035339,1105247,1133958,1084483,1214740,1273803,1295061,1343878,1381265,1373501,1361579,1337933,1325600,1396260,1440488,1419304,1455988,1515727,1607980,1581052,1594635,1608116,1588065,1576467,1587343,1647489,1726342,1826047,1852727,1834860,1870373,1790181,1771253,1860337,1767205,1836543,1758032,1814856,1717203,1685316,1727086,1614144,1579108,1578946,1554704
LUACB,14114,13736,13620,13616,14299,16815,17468,16112,17698,14627,14900,15145,16217,15486,14831,14469,16074,16995,18251,19098,17006,16310,14873,15572,16605,15476,15132,17107,16497,16921,17413,15578,15882,16172,16903,16613,16123,17032,17830,18016,17746,16259,16067,14854,15048,14970,14585,15061,13983,12571,13968,13253,12193,12901,13457,14655
LUICB,8816,8580,8739,8736,9175,10368,10770,10707,11761,8992,9160,9625,10307,14171,13572,7558,8396,12746,13688,14323,12755,12232,11155,11679,12454,11607,11349,12830,12373,12691,13060,11683,11912,12129,12677,12460,12092,12774,13372,13512,13310,12194,12050,11140,11286,11227,10939,11296,10487,9429,10476,9939,9145,9676,10093,10991
LUTCB,22930,22316,22359,22352,23473,27183,28238,26819,29459,23619,24060,24771,26524,29657,28403,22027,24469,29742,31939,33421,29761,28542,26028,27250,29059,27082,26480,29937,28870,29612,30473,27261,27794,28301,29580,29072,28214,29805,31202,31528,31056,28454,28117,25994,26334,26197,25523,26357,24470,22000,24444,23192,21338,22576,23549,25646
LUTXB,22930,22316,22359,22352,23473,27183,28238,26819,29459,23619,24060,24771,26524,29657,28403,22027,24469,29742,31939,33421,29761,28542,26028,27250,29059,27082,26480,29937,28870,29612,30473,27261,27794,28301,29580,29072,28214,29805,31202,31528,31056,28454,28117,25994,26334,26197,25523,26357,24470,22000,24444,23192,21338,22576,23549,25646
MBICB,0,0,0,0,0,0,0,0,0,0,0,0,0,0,0,0,0,0,0,0,0,-35066,-31605,-21902,-9765,-30610,-42194,-19332,-8660,8211,7517,-3284,9575,0,0,0,0,0,0,0,0,0,0,0,0,0,0,0,0,0,0,0,0,0,0,0
MGACB,697428,727222,757428,809055,837990,873814,918550,946987,1011609,1058183,1106499,1135737,1207333,1248915,1221653,1253091,1308563,1379437,1439483,1396274,1313776,1312993,1298557,1330723,1375256,1379146,1442670,1508297,1569964,1606907,1580590,1543225,1632955,1599948,1593722,1619557,1645155,1667379,1702333,1749657,1776313,1810310,1899371,1885593,1924805,1952637,1959030,1938551,1846698,1799138,1772914,1721808,1700190,1720873,1734123,1733166
MGCCB,7387,7142,7267,7498,7870,6876,8461,8112,7374,7298,7783,7760,7857,8218,8425,8522,10727,13418,16142,13130,9428,8195,7614,9103,7935,9239,9220,13246,9313,9367,10125,8652,7803,1368,1184,1233,1206,1215,1302,1229,1238,1280,1320,1361,1410,1426,1480,1442,1421,1369,1336,1316,1294,1359,1301,50755
MGICB,14978,14383,13996,13475,13031,11793,12039,10048,9182,7989,10199,8100,7489,7733,6837,7029,7859,5956,5663,5874,8922,7366,6619,5674,9838,16100,16683,17106,15643,16980,16613,17184,17317,13940,14427,14864,14305,15176,17017,10018,10279,23637,25122,26060,29752,27941,28567,22927,20145,19086,29314,28773,30480,31666,22969,30201
MGTCB,719793,748747,778690,830028,858891,892484,939050,965148,1028165,1073470,1124480,1151597,1222679,1264867,1236915,1268643,1327149,1398811,1461288,1415278,1332125,1328555,1312790,1345500,1393030,1404485,1468574,1538649,1594919,1633254,1607328,1569061,1658075,1615256,1609332,1635654,1660666,1683770,1720653,1760903,1787830,1835227,1925813,1913014,1955967,1982004,1989076,1962920,1868264,1819593,1803563,1751897,1731964,1753898,1758393,1814122
MGTXB,719793,748747,778690,830028,858891,892484,939050,965148,1028165,1073470,1124480,1151597,1222679,1264867,1236915,1268643,1327149,1398811,1461288,1415278,1332125,1328555,1312790,1345500,1393030,1404485,1468574,1538649,1594919,1633254,1607328,1569061,1658075,1615256,1609332,1635654,1660666,1683770,1720653,1760903,1787830,1835227,1925813,1913014,1955967,1982004,1989076,1962920,1868264,1819593,1803563,1751897,1731964,1753898,1758393,1814122
MMTCB,719793,748747,778690,830028,858891,892484,939050,965148,1028165,1073470,1124480,1151597,1222679,1264867,1236915,1268643,1327149,1398811,1461288,1415278,1332125,1328555,1312790,1345500,1393030,1404485,1468574,1538649,1594919,1633254,1607328,1569061,1658075,1613263,1606523,1626902,1653284,1676368,1715068,1756066,1782319,1827580,1916841,1863035,1883783,1903036,1911052,1881101,1785166,1737871,1676477,1628254,1612204,1630270,1632606,1684667
MSICB,3605,4025,4418,2338,2339,2282,3062,2860,3190,2971,2654,2667,2733,3386,4339,5843,5622,6360,5532,5120,4854,5007,4389,3934,3378,3402,3263,3276,3973,3655,3288,2273,1490,1411,1577,1447,729,801,975,917,977,1717,1844,1731,1559,1550,1107,1087,1156,1236,1292,1341,1315,2787,2976,3076
NAICB,0,0,0,0,0,0,0,0,0,0,0,0,0,0,0,0,0,0,0,0,0,0,0,0,0,0,0,0,0,0,0,0,0,0,0,0,0,0,0,0,0,0,0,0,0,0,0,0,0,0,0,0,0,0,0,0
NGACB,10953,12120,16349,14498,17770,16789,32107,19740,18023,18461,17870,19685,19664,20735,20021,21411,16710,15646,15457,18738,15922,15745,13516,10642,11800,14960,12793,19439,19747,19963,20780,19006,15611,12826,12969,20001,20060,24434,10867,11611,11527,13837,12648,12330,17144,20653,17297,20595,19987,19706,23814,25415,28136,25234,39631,35671
NGCCB,112672,116721,128672,134124,152042,175470,183263,197923,203006,221134,221282,252628,243328,244510,241376,253678,231138,238970,232861,270890,269401,247379,247337,224734,199093,212934,189475,218444,255548,269368,294207,295187,292581,259816,267027,281816,243122,258267,298056,248298,235677,249600,242898,237552,236222,238473,250003,258379,257986,254462,253329,250867,258277,261502,244411,244464
NGEIB,334297,410443,410638,460019,555604,528668,639628,621709,731533,630224,670629,593220,643350,483769,312294,291860,313004,380235,320297,469054,545786,691377,562125,487389,601651,700254,464216,667782,572844,675485,648938,646499,788628,694233,834865,619972,538602,607929,664042,739182,911244,999529,742308,721848,793193,709314,795842,860408,882428,830777,755324,630122,876854,849409,858977,833745
NGICB,466332,472141,497738,569800,592088,567432,595393,649647,681344,719151,749134,734720,727471,758265,752062,703650,658420,660400,512591,522600,507360,482940,379674,359316,437281,449515,443285,570725,500801,548403,606720,725496,705045,726182,688936,705432,726368,807303,864795,803612,803825,730253,799970,837461,893413,841137,809807,821358,809376,792725,787410,767439,805491,850293,857807,851843
NGLPB,112749,117487,124849,132865,129316,109274,97576,107733,99496,88723,97093,79304,72239,76233,75564,89589,83025,83414,73215,68943,65562,56026,23325,23139,26167,26247,23813,27545,23434,20361,23438,106998,94678,90632,70978,67175,70140,75451,76989,66992,61520,53474,45519,42857,40898,41682,61070,61219,68860,67512,68748,47527,54656,54056,46635,46142
NGPZB,10953,12120,16349,14498,17770,16789,32107,19740,18023,18461,17870,19685,19664,20735,20021,21411,16710,15646,15457,18738,15922,15745,13516,10642,11800,14960,12793,19439,19747,19963,20776,18997,15155,12249,12365,19150,18907,22878,9071,9478,9275,11082,9795,8843,13228,11024,7183,9257,7958,6558,9950,10473,13167,10745,23866,17931
NGRCB,377572,388749,430026,444928,499736,524855,531915,559715,553353,600914,582381,665072,669746,646764,611387,666718,630446,568934,565126,619069,552411,509933,562517,518959,490008,547793,481277,516573,511451,534620,530961,522101,492278,520050,530977,482729,489526,487098,580925,576853,494165,520632,520837,507874,522272,494886,502984,506805,502833,493696,505530,522406,487614,494357,408754,415935
NGTCB,1301826,1400174,1483423,1623370,1817241,1813213,1982305,2048734,2187260,2189883,2241295,2265324,2303562,2154045,1937140,1937322,1849711,1864187,1646333,1900357,1890887,1947370,1765171,1601037,1739833,1925459,1591045,1992956,1860391,2047845,2101602,2208285,2294135,2213111,2334777,2109956,2017680,2185029,2418688,2379558,2456438,2513856,2318656,2317062,2462247,2304463,2375929,2467545,2472612,2391374,2325411,2196252,2456371,2480792,2409574,2381665
NGTXB,967529,989731,1072785,1163351,1261637,1284546,1342677,1427025,1455727,1559659,1570667,1672105,1660209,1670274,1624847,1645458,1536714,1483950,1326035,1431296,1345094,1255998,1203044,1113652,1138182,1225203,1126830,1325181,1287546,1372355,1452668,1561790,1505514,1518874,1499909,1489978,1479076,1577102,1754641,1640374,1545193,1514322,1576352,1595218,1669050,1595149,1580092,1607137,1590183,1560589,1570083,1566127,1579518,1631386,1550603,1547913
NGVHB,0,0,0,0,0,0,0,0,0,0,0,0,0,0,0,0,0,0,0,0,0,0,0,0,0,0,0,0,0,0,4,9,455,577,604,852,1153,1556,1795,2133,2252,2756,2852,3487,3916,9628,10114,11337,12029,13148,13864,14941,14968,14490,15765,17740
NNACB,10953,12120,16349,14498,17770,16789,32107,19740,18023,18461,17870,19685,19664,20735,20021,21411,16710,15646,15457,18738,15922,15745,13516,10642,11800,14960,12793,19439,19747,19963,20780,19006,15611,12826,12969,20001,20060,24434,10867,11611,11527,13837,12648,12330,17144,20653,17297,20595,19987,19706,23814,25415,28136,25234,39631,35671
NNCCB,112672,116721,128672,134124,152042,175470,183263,197923,203006,221134,221282,252628,243328,244510,241376,253678,231138,238970,232861,270890,269401,247379,247337,224734,199093,212934,189475,218444,255548,269368,294207,295187,292581,259816,267027,281816,243122,258267,298056,248298,235677,249600,242898,237552,236222,238473,250003,258379,257986,254462,253329,250867,258277,261502,244411,244464
NNEIB,334297,410443,410638,460019,555604,528668,639628,621709,731533,630224,670629,593220,643350,483769,312294,291860,313004,380235,320297,469054,545786,691377,562125,487389,601651,700254,464216,667782,572844,675485,648938,646499,788628,694233,834865,619972,538602,607929,664042,739182,911244,999529,742308,721848,793193,709314,795842,860408,882428,830777,755324,630122,876854,849409,858977,833745
NNICB,466332,472141,497738,569800,592088,567432,595393,649647,681344,719151,749134,734720,727471,758265,752062,703650,658420,660400,512591,522600,507360,482940,379674,359316,437281,449515,443285,570725,500801,548403,606720,725496,705045,726182,688936,705432,726368,807303,864795,803612,803825,730253,799970,837461,893413,841137,809807,821358,809376,792725,787410,767439,805491,850293,857807,851843
NNRCB,377572,388749,430026,444928,499736,524855,531915,559715,553353,600914,582381,665072,669746,646764,611387,666718,630446,568934,565126,619069,552411,509933,562517,518959,490008,547793,481277,516573,511451,534620,530961,522101,492278,520050,530977,482729,489526,487098,580925,576853,494165,520632,520837,507874,522272,494886,502984,506805,502833,493696,505530,522406,487614,494357,408754,415935
NNTCB,1301826,1400174,1483423,1623370,1817241,1813213,1982305,2048734,2187260,2189883,2241295,2265324,2303562,2154045,1937140,1937322,1849711,1864187,1646333,1900357,1890887,1947370,1765171,1601037,1739833,1925459,1591045,1992956,1860391,2047845,2101602,2208285,2294135,2213111,2334777,2109956,2017680,2185029,2418688,2379558,2456438,2513856,2318656,2317062,2462247,2304463,2375929,2467545,2472612,2391374,2325411,2196252,2456371,2480792,2409574,2381665
NUEGB,1,55,84,2288,4369,3193,1895,6503,17003,27127,34375,38137,34266,28689,41277,66855,53107,87396,83801,95320,53665,35367,41357,61214,153366,209565,277332,317298,327209,344146,345955,330684,369043,331724,352778,317794,358119,320194,362928,348736,366845,346911,358707,370958,315634,377313,333488,375427,339506,332218,336562,383644,193939,187162,177656,193529
NUETB,1,55,84,2288,4369,3193,1895,6503,17003,27127,34375,38137,34266,28689,41277,66855,53107,87396,83801,95320,53665,35367,41357,61214,153366,209565,277332,317298,327209,344146,345955,330684,369043,331724,352778,317794,358119,320194,362928,348736,366845,346911,358707,370958,315634,377313,333488,375427,339506,332218,336562,383644,193939,187162,177656,193529
P1ICB,238939,240426,244083,235082,251898,255673,262468,243356,268208,286775,286877,284456,300501,322138,316766,315364,343146,379252,396820,459234,403811,253860,258413,403526,428739,410844,400333,410301,439135,420815,410236,359955,373637,340422,359875,343669,380611,364801,357362,394445,364668,404314,401314,371360,374803,382010,377189,387185,332210,279800,268486,303867,281694,307400,294359,289144
P1TCB,280569,272676,283480,271287,286236,290069,296708,275144,302788,316652,316633,313950,331879,350978,346644,342996,371830,411676,431790,488647,423618,274368,281005,425941,452438,435569,423897,434296,463324,445158,438768,389212,404095,370293,392988,380701,419051,403532,400340,436125,407948,444894,441979,412497,414489,423802,416381,425860,366260,311723,297559,330365,298183,322599,310816,307679
P1TXB,280569,272676,283480,271287,286236,290069,296708,275144,302788,316652,316633,313950,331879,350978,346644,342996,371830,411676,431790,488647,423618,274368,281005,425941,452438,435569,423897,434296,463324,445158,433837,381622,395161,361218,381233,364965,401591,387053,379795,417850,387953,425622,421787,390625,394620,401709,396032,405519,348787,294899,285216,319799,296116,322327,310572,307679
PAACB,1212127,1279580,1299537,1338824,1402508,1473737,1559719,1633784,1760435,1810585,1813992,1888641,1911450,1964149,1877787,1931408,2045424,2188619,2355036,2333119,2345561,2326008,2210661,2236623,2356289,2345083,2430362,2554062,2703376,2790379,2806437,2663753,2660802,2618101,2740314,2796867,2843618,2773458,2795188,2855785,3004291,2950908,3116126,3022823,3169195,3252987,3304234,3330584,3123002,3039143,3016633,2915537,2842100,2865382,2895122,2973539
PACCB,61534,61790,57111,55820,57019,55569,61112,55918,60643,58280,74758,80754,60897,65379,67335,46633,45447,52822,56812,53890,77999,109931,74730,59102,69638,37566,54091,60215,55944,48751,46293,47413,26998,21178,20597,25486,21300,20211,24561,23991,25781,22567,19156,20440,23293,22477,17256,19948,27928,29746,37454,33970,31790,29810,29833,79376
PAEIB,151152,146355,107821,98912,108327,104785,121876,114050,119441,124376,136351,214348,264335,480247,409123,493977,612486,797485,634576,634382,408716,288954,101330,70216,29667,30819,35547,22937,79336,96719,51540,14265,12793,30086,30368,20976,24485,18407,22335,19909,25766,30348,21745,23419,21223,23520,21613,21424,18541,17553,12833,10938,2422,629,623,389
PAICB,398105,391169,399484,405931,441973,437703,462804,429623,444747,444845,457029,449919,478442,520286,501894,493087,529874,560366,590458,690738,629209,471664,473225,595585,742997,694296,651868,664595,657153,610397,581748,505547,529247,475461,504361,465951,485895,477137,460365,511978,505410,578885,545456,484037,504421,493217,497464,483207,442569,378407,387700,430796,406624,431687,416710,417736
PARCB,15576,15699,17174,18226,19404,19745,15958,18592,18815,20603,21179,22551,20393,19666,17852,13147,13271,13782,19436,23479,17147,15547,15398,18626,16176,19191,16255,19483,21254,23052,20956,24918,17620,18602,18324,17854,15125,14047,22753,21207,20860,15956,16352,22273,27241,30878,27179,27574,33412,33368,33484,30900,23696,23968,18616,20640
PATCB,1838493,1894593,1881127,1917713,2029231,2091540,2221470,2251968,2404081,2458688,2503309,2656212,2735518,3049728,2873991,2978252,3246501,3613073,3656318,3735609,3478632,3212104,2875343,2980152,3214768,3126955,3188123,3321293,3517062,3569298,3506974,3255895,3247460,3163427,3313964,3327135,3390423,3303260,3325202,3432869,3582109,3598664,3718834,3572992,3745373,3823079,3867746,3882736,3645452,3498217,3488104,3422141,3306631,3351476,3360905,3491679
PATXB,1687342,1748238,1773306,1818802,1920904,1986754,2099594,2137918,2284640,2334313,2366957,2441864,2471183,2569480,2464867,2484275,2634015,2815589,3021742,3101227,3069916,2923150,2774014,2909936,3185101,3096136,3152576,3298356,3437726,3472580,3455434,3241630,3234667,3133342,3283596,3306159,3365938,3284852,3302867,3412960,3556342,3568316,3697090,3549573,3724150,3799559,3846133,3861312,3626911,3480665,3475271,3411203,3304209,3350847,3360282,3491291
PCCCB,0,0,0,0,0,0,0,0,0,0,0,0,0,0,0,0,0,0,0,0,0,0,0,0,0,0,0,0,0,0,0,0,0,0,0,0,0,0,0,0,0,0,0,0,0,0,0,0,0,0,0,0,0,0,0,0
PCEIB,0,0,0,0,0,0,0,0,0,0,0,0,0,0,0,0,0,0,0,0,0,0,0,0,0,0,0,0,0,0,4931,7590,8934,9075,11755,15736,17460,16479,20545,18275,19995,19273,20192,21872,19869,22093,20349,20340,17473,16824,12344,10566,2067,272,244,0
PCICB,40761,40761,39155,25437,22014,24365,26068,19461,28689,26244,29397,28717,35020,48328,45150,46232,47574,51375,51425,67909,48548,49067,50063,41844,44871,58872,64760,63975,66328,72224,74601,77486,78431,73671,84213,87077,96548,94662,90638,92359,79107,81196,92524,78061,85926,86829,82754,80556,65810,59833,53436,60066,63918,62795,63027,52075
PCTCB,40761,40761,39155,25437,22014,24365,26068,19461,28689,26244,29397,28717,35020,48328,45150,46232,47574,51375,51425,67909,48548,49067,50063,41844,44871,58872,64760,63975,66328,72224,79532,85076,87365,82745,95967,102813,114008,111141,111183,110634,99101,100469,112717,99933,105795,108922,103103,100896,83283,76657,65779,70633,65986,63066,63271,52075
PLICB,0,0,0,0,0,0,0,0,0,0,0,0,0,0,0,0,0,0,0,0,0,0,0,0,0,0,0,0,0,0,0,0,0,0,0,0,0,0,0,0,0,0,0,0,0,0,0,0,0,0,0,0,0,0,0,0
PMTCB,1838493,1894593,1881127,1917713,2029231,2091540,2221470,2251968,2404081,2458688,2503309,2656212,2735518,3049728,2873991,2978252,3246501,3613073,3656318,3735609,3478632,3212104,2875343,2980152,3214768,3126955,3188123,3321293,3517062,3569298,3506974,3255895,3247460,3161434,3311155,3318383,3383042,3295858,3319617,3428032,3576598,3591018,3709862,3523013,3673189,3744111,3789722,3800918,3562355,3416495,3361017,3298498,3186871,3227848,3235118,3362225
POICB,153926,150719,152440,141394,154259,162467,167358,155987,176825,189692,195667,192133,207243,218476,217667,213954,234786,258151,271187,284759,258105,173761,181016,317405,312400,304559,285862,285788,324740,308368,298338,253496,271626,245538,265761,249855,285547,274606,239670,245371,216039,266326,270687,269444,271645,283436,285526,275789,238700,217874,224814,233769,218676,237621,226794,216638
POTCB,153926,150719,152440,141394,154259,162467,167358,155987,176825,189692,195667,192133,207243,218476,217667,213954,234786,258151,271187,284759,258105,173761,181016,317405,312400,304559,285862,285788,324740,308368,303269,261086,280560,254613,277515,265590,303007,291085,260214,263646,236033,285599,290879,291316,291514,305528,305875,296129,256173,234698,237158,244336,220744,237893,227038,216638
POTXB,153926,150719,152440,141394,154259,162467,167358,155987,176825,189692,195667,192133,207243,218476,217667,213954,234786,258151,271187,284759,258105,173761,181016,317405,312400,304559,285862,285788,324740,308368,298338,253496,271626,245538,265761,249855,285547,274606,239670,245371,216039,266326,270687,269444,271645,283436,285526,275789,238700,217874,224814,233769,218676,237621,226794,216638
PPICB,0,0,0,0,0,0,0,0,0,0,0,0,0,0,0,0,0,0,0,0,0,0,0,0,0,0,0,0,0,0,0,0,0,0,0,0,0,0,0,0,0,0,0,0,0,0,0,0,0,0,0,0,0,0,0,0
RETCB,270161,248178,329046,360333,331757,418518,375877,473192,397366,544918,521978,533790,472312,553162,645073,578578,422852,338073,576601,559806,591928,503653,702806,811004,696738,594659,668070,524440,515854,742260,672951,658097,642465,822378,635969,854511,824930,767360,838185,764491,741679,615205,684544,768603,768882,818762,896625,706216,678903,724125,826146,936628,803652,848019,853265,855828
RFACB,242740,275031,220929,191912,209378,220730,233377,228896,223997,214287,175923,167507,131193,128234,108053,126090,179181,225625,287472,300802,419174,398906,327574,303467,305707,272476,230787,300460,294591,306294,340790,263217,200699,203716,237256,276900,245085,133737,107469,146000,210867,154770,191966,146852,174601,213283,236478,249291,252795,242170,250861,186876,167051,124150,84510,116367
RFCCB,45797,45935,41103,39509,39473,38982,44133,37837,42586,38993,54266,59140,39222,43996,46281,27517,23449,25715,24247,25345,42823,71767,34519,3375,8511,222,6047,5958,5175,4681,5548,4774,266,114,48,25,77,11,371,0,3,173,0,0,0,0,0,0,0,0,0,0,0,0,4,4
RFEIB,150451,145677,107321,98453,107825,104300,121312,113522,118888,123799,135730,213034,262883,478428,407809,492556,608838,785889,619147,616628,393962,282740,99505,68878,28135,29026,33521,20896,78364,94756,45071,5863,3029,20289,17946,4617,6183,280,63,14,539,3094,250,66,0,24,96,109,56,59,53,7,0,0,0,4
RFICB,67585,56334,60734,70964,79707,74477,83768,73604,79155,66893,76207,63711,57604,57947,60281,52232,56870,46719,47621,44167,78926,68057,51782,55072,138854,117771,94588,91642,55149,16899,11555,11011,11744,9548,8376,9221,1912,640,194,3582,677,2092,1220,331,88,70,638,66,2490,40,64,44,34,38,33,290
RFTCB,506573,522976,430087,400839,436384,438488,482589,453860,464626,443972,442126,503393,490902,708606,622424,698395,868339,1083948,978486,986943,934885,821470,513381,430792,481207,419495,364944,418956,433280,422630,402963,284864,215737,233668,263626,290763,253257,134667,108097,149596,212087,160129,193436,147249,174688,213377,237212,249466,255342,242270,250978,186927,167086,124188,84547,116664
RFTXB,356122,377299,322766,302386,328559,334189,361277,340338,345738,320173,306396,290359,228019,230177,214615,205839,259500,298059,359340,370314,540923,538730,413876,361914,453071,390469,331422,398060,354916,327874,357893,279001,212709,213378,245680,286145,247074,134388,108034,149582,211548,157034,193186,147183,174688,213353,237116,249357,255285,242211,250925,186921,167086,124188,84547,116661
SFCCB,,,,,,,,,,,,,,,,,,,,,0,0,0,0,0,0,0,0,0,0,0,0,0,0,0,0,0,0,0,0,0,0,0,0,0,0,0,0,0,0,0,0,0,0,0,0
SFEIB,,,,,,,,,,,,,,,,,,,,,0,0,0,0,0,0,0,0,0,0,0,0,0,0,0,0,0,0,0,0,0,0,0,0,0,0,0,0,0,0,0,0,0,0,0,0
SFINB,,,,,,,,,,,,,,,,,,,,,0,0,0,0,0,0,0,0,0,0,0,0,0,0,0,0,0,0,0,0,0,0,0,0,0,0,0,0,0,0,0,0,0,0,0,0
SFRCB,,,,,,,,,,,,,,,,,,,,,0,0,0,0,0,0,0,0,0,0,0,0,0,0,0,0,0,0,0,0,0,0,0,0,0,0,0,0,0,0,0,0,0,0,0,0
SFTCB,,,,,,,,,,,,,,,,,,,,,0,0,0,0,0,0,0,0,0,0,0,0,0,0,0,0,0,0,0,0,0,0,0,0,0,0,0,0,0,0,0,0,0,0,0,0
SGICB,106520,102927,106152,104682,105100,108521,109856,109080,118642,132074,132222,125243,133887,132359,132484,128845,142281,159856,167033,170045,162443,165798,181168,174846,167902,182246,208477,211723,216347,214839,206242,180742,183053,183078,181547,172137,175403,174521,170538,167804,170298,178561,176372,181888,182266,182803,184799,177913,169353,160587,162916,162631,144522,162673,161656,156343
SNICB,0,0,0,0,16179,17516,18055,15037,16114,17659,18729,20076,21496,21741,21570,18544,21635,22559,27127,27470,26413,20028,18649,21912,29291,22522,15619,17413,13716,12905,12879,10369,12322,12324,9551,8346,6674,6470,9604,13017,8718,8694,11342,8915,5653,6924,4986,5554,6041,3286,1858,1609,1047,5413,5743,5372
SOCCB,0,0,0,0,0,0,0,0,0,0,0,0,0,0,0,0,0,0,0,0,0,0,0,0,0,0,0,0,0,122,139,155,169,185,207,237,273,302,341,398,450,551,643,747,916,1372,1810,2397,3664,4264,5145,6488,9224,10968,13660,14378
SOEGB,0,0,0,0,0,0,0,0,0,0,0,0,0,0,0,0,0,0,0,0,0,0,0,0,55,111,147,109,93,2609,3814,4919,4129,4764,5017,5121,5387,5218,5122,5062,5033,5603,5640,5403,5718,5367,4906,5505,6607,6319,7467,8362,12637,35561,93525,137093
SOICB,0,0,0,0,0,0,0,0,0,0,0,0,0,0,0,0,0,0,0,0,0,0,0,0,0,0,0,0,0,27,31,34,37,41,46,52,60,67,75,88,100,122,142,165,203,304,532,728,1172,1526,2151,3105,4971,6258,8000,9750
SORCB,0,0,0,0,0,0,0,0,0,0,0,0,0,0,0,0,0,0,0,0,0,0,0,0,0,0,0,0,0,16939,18046,18678,19231,19614,19867,19924,19869,19381,18936,18352,17462,16648,15951,15493,15321,14985,15971,17011,18291,18887,20823,23194,26375,32286,41097,50542
SOTCB,0,0,0,0,0,0,0,0,0,0,0,0,0,0,0,0,0,0,0,0,0,0,0,0,55,111,147,109,93,19698,22029,23787,23567,24603,25137,25334,25588,24968,24475,23899,23044,22924,22376,21809,22157,22027,23218,25641,29733,30996,35587,41150,53207,85073,156283,211763
SOTXB,0,0,0,0,0,0,0,0,0,0,0,0,0,0,0,0,0,0,0,0,0,0,0,0,0,0,0,0,0,17088,18215,18868,19438,19839,20120,20213,20202,19750,19353,18838,18012,17321,16737,16406,16439,16660,18313,20136,23126,24677,28119,32788,40570,49512,62757,74670
TEACB,1224447,1292717,1316804,1354255,1421235,1491492,1592737,1654401,1779332,1829887,1832706,1909142,1932083,1987133,1899637,1955899,2065539,2207001,2373095,2354469,2363834,2345826,2230894,2253952,2373944,2364491,2447492,2578466,2730169,2817087,2834519,2691431,2681190,2635393,2757871,2821472,2868381,2803143,2811852,2873498,3022442,2971978,3135288,3043803,3196056,3282410,3330647,3359713,3151813,3067315,3048602,2949222,2876831,2898517,2942591,3017056
TEAPB,77,78,77,77,78,80,84,86,92,93,92,94,94,95,90,91,94,99,104,101,99,97,90,89,92,89,90,93,96,96,95,88,87,84,88,89,90,86,85,86,89,86,90,86,90,92,92,93,86,83,82,78,76,76,76,77
TECCB,435906,488188,514595,532659,551281,577314,623833,644060,689560,718312,771600,830976,854479,878220,845072,971638,979840,995985,1005968,1051816,1085541,1132327,1085881,1005159,1070301,1079849,1072995,1135257,1201199,1275818,1312662,1304538,1290958,1241297,1212734,1257927,1251741,1305577,1437942,1365269,1365729,1459554,1474404,1442217,1556198,1491257,1540841,1535915,1572355,1513952,1510145,1537869,1489769,1425232,1432102,1464901
TECPB,27,30,30,30,30,31,33,34,36,36,39,41,42,42,40,45,45,45,44,45,46,47,44,40,41,41,40,41,42,44,44,43,42,40,39,40,39,40,44,41,40,42,42,41,44,42,43,42,43,41,40,41,39,37,37,38
TEEIB,672154,720023,759369,827010,901744,958338,1039614,1114373,1155760,1210839,1246966,1260657,1286937,1416001,1273250,1303985,1256881,1451497,1455183,1590283,1484999,1386526,1280664,1281328,1315769,1382084,1329262,1401205,1351184,1667030,1583547,1515870,1678251,1774004,1751899,1700904,1634801,1617036,1800881,1788177,1964318,1900550,1727344,1769168,1750755,1797219,1912856,1829952,1779125,1748686,1731785,1752558,1670879,1656927,1653635,1640210
TEICB,1195194,1210664,1216644,1327113,1456437,1477176,1560109,1610331,1698341,1772857,1849138,1841238,1893675,1993232,1924455,1886465,1940108,2006172,1899265,2032312,1866101,1662431,1527655,1608053,1862769,1854399,1764486,1917555,1854116,1908190,1928755,1974824,1982226,1918881,1939748,1897358,1938118,2071960,2091487,2115992,2102392,2099577,1963474,1938478,2006625,1940762,1917083,1895053,1847073,1714251,1732286,1777044,1739307,1871890,1848995,1837341
TEIPB,75,73,71,75,80,79,83,84,88,90,92,90,92,96,91,88,88,90,83,87,78,68,62,63,72,70,65,69,65,65,64,65,64,61,62,60,61,64,63,63,62,61,56,55,56,54,53,52,50,46,46,47,46,49,48,47
TERCB,595955,619155,677873,711633,792442,841461,870411,932502,948290,1036349,1046469,1167118,1192828,1189782,1148704,1220575,1202575,1154069,1196262,1290676,1226342,1192850,1232806,1226290,1227933,1304337,1217706,1308704,1359830,1420770,1369221,1372574,1355471,1356739,1369611,1325982,1366933,1361750,1494064,1502039,1435809,1429314,1440381,1470645,1503714,1453986,1503209,1474352,1511880,1483933,1459194,1494501,1436920,1437547,1354667,1357035
TERPB,38,38,40,40,44,45,46,49,49,53,52,57,58,57,54,57,55,52,52,55,52,49,50,48,48,49,45,47,48,49,46,45,44,43,44,42,43,42,45,45,42,41,41,42,42,41,42,41,41,40,39,40,38,37,35,35
TETCB,3451501,3610724,3725916,3925660,4221395,4387443,4647090,4841294,5115522,5357405,5499913,5748474,5873069,6048369,5817867,6034581,6188055,6363228,6474592,6729279,6541825,6333429,6077238,6093451,6534948,6603078,6502678,6939976,7145316,7421871,7445154,7343363,7309838,7152314,7279967,7302745,7425176,7542428,7835349,7856799,7926374,7960429,8013544,7895140,8262597,8168415,8291775,8265032,8083121,7779459,7750230,7758639,7542825,7633183,7578349,7676340
TETGR,,,,,,,,,,,,,,,,,,,,,,,,,,,,,,,,,,,,,,5.61,5.51,5.15,4.83,4.89,4.79,4.52,4.5,4.27,4.19,4.13,4.05,4.06,4,3.95,3.74,3.69,3.53,3.43
TETPB,217,219,218,222,233,236,246,252,264,272,275,283,285,290,275,280,282,285,284,289,275,261,245,240,253,250,240,250,251,254,249,241,236,229,231,230,232,232,238,235,233,231,230,224,232,228,230,228,221,210,208,206,198,199,196,197
TETXB,3451501,3610724,3725916,3925660,4221395,4387443,4647090,4841294,5115522,5357405,5499913,5748474,5873065,6048366,5817868,6034577,6188061,6363226,6474591,6729272,6541819,6333434,6077236,6093455,6534948,6603076,6502680,6939983,7145315,7421866,7445157,7343367,7309845,7152309,7279964,7302739,7425173,7542430,7835344,7856798,7926373,7960424,8013548,7895143,8262593,8168414,8291780,8265032,8083120,7779452,7750227,7758637,7542826,7633186,7578355,7676333
TNACB,1223892,1292180,1316264,1353714,1420696,1490952,1592197,1653869,1778799,1829358,1832169,1908607,1931430,1985581,1898362,1953732,2063141,2205075,2371253,2352628,2362174,2343956,2228832,2251950,2372018,2362411,2445460,2576487,2728111,2814921,2832156,2688794,2678273,2632317,2754734,2818312,2865142,2799523,2807831,2869238,3017886,2966997,3130790,3037913,3189411,3276527,3324523,3354071,3145946,3061730,3043249,2943772,2872572,2893467,2937591,3012069
TNCCB,249946,269160,282787,291356,310774,333635,356468,369388,389815,410069,436194,479597,466702,478682,465956,498202,484248,499947,499548,540042,565333,590368,550080,500243,514926,504753,500991,547853,591263,614784,651225,646526,629098,588383,589117,615601,582474,606348,672818,609671,614668,648849,645029,644221,678144,674201,693977,712967,726185,712813,720379,728326,732311,719116,713573,760180
TNICB,1024833,1047677,1063205,1160828,1249494,1241744,1297082,1328984,1396026,1449191,1501064,1479256,1514310,1612552,1571286,1509546,1537828,1588746,1471167,1591617,1440789,1266525,1146063,1221660,1463665,1440437,1359681,1506838,1438703,1470267,1510136,1545378,1552113,1494976,1498100,1469045,1502418,1602144,1615418,1617236,1618893,1623668,1594744,1575018,1646321,1591544,1560955,1558807,1501697,1397811,1410901,1447798,1447300,1543195,1530912,1524447
TNRCB,469601,484426,531649,552641,616218,647606,657897,698640,699269,761519,751157,845674,855377,837593,797781,858356,829042,774397,788745,863721,800022,771005,814328,794002,788079,854986,777245,852817,871511,913914,870587,868034,842245,848568,861546,812438,827650,808073,913231,907925,840066,850537,852803,866739,888380,858936,875782,881155,894436,889894,890382,911655,876499,898300,817333,824933
TNTXB,2968272,3093443,3193905,3358538,3597181,3713936,3903644,4050880,4263908,4450136,4520585,4713134,4767818,4914408,4733385,4819837,4914259,5068166,5130713,5348008,5168318,4971855,4739303,4767855,5138688,5162588,5083376,5483994,5629588,5813886,5864105,5748732,5701729,5564244,5703498,5715396,5777684,5816088,6009297,6004071,6091513,6090051,6223366,6123890,6402256,6401209,6455237,6507000,6268264,6062248,6064912,6031551,5928682,6054078,5999409,6121628
TPOPP,15870,16497,17072,17668,18151,18585,18858,19176,19394,19711,20007,20346,20585,20869,21174,21538,21936,22352,22836,23257,23801,24286,24820,25360,25844,26441,27102,27777,28464,29218,29960,30471,30975,31275,31484,31697,32019,32486,32988,33499,33988,34479,34872,35253,35575,35828,36021,36250,36604,36961,37333,37677,38011,38335,38681,38994
UOICB,0,0,0,0,0,0,0,0,0,0,0,0,0,0,0,0,0,0,0,0,0,-41274,-52110,-29415,-46541,-51240,-52391,-54550,-40784,-55405,-51653,-57043,-44889,-50693,-35218,-38970,-13772,-12407,-37252,-33618,-47173,-9183,-16378,-5967,-8906,340,8368,7596,-6187,-8586,3095,6138,5864,1768,-8588,-1860
USICB,0,0,0,0,0,0,0,0,0,0,0,0,0,0,0,0,0,0,0,0,0,0,0,0,0,0,0,0,0,0,0,0,0,0,0,0,0,0,0,0,0,0,0,0,0,0,0,0,0,0,0,0,0,0,0,0
WDCCB,479,465,446,434,433,410,401,427,432,446,455,465,459,431,443,521,552,623,683,802,1315,1572,1346,1647,1994,2175,2447,3768,4157,9682,7997,8348,8805,8032,7691,7763,8064,6293,5497,5780,6186,6255,6406,6670,6521,4153,3853,4092,4318,5266,5199,5005,4384,5081,5218,5698
WDEIB,0,0,0,0,0,0,0,0,0,0,0,0,0,0,0,0,0,0,0,0,0,0,0,0,0,0,0,0,0,19769,42109,36430,40771,38854,46501,28130,32675,33228,34801,39182,39474,34111,45474,48470,47567,49125,48899,45229,46652,49778,51036,46859,53082,50232,53281,50496
WDICB,56347,58583,62711,69660,74975,74751,78088,78398,86550,91831,91693,93620,102615,106674,110665,99278,114793,118233,123530,125182,61101,61177,57893,64538,64118,62819,38965,38142,39328,61048,62908,56335,54717,44441,40644,37883,32728,39677,32653,35743,39641,44694,27437,26680,26939,29671,27311,27817,24662,22666,23015,25323,24838,23106,20232,18834
WDRCB,25267,24458,23495,22928,22824,21655,21173,22257,22601,23530,24183,24716,24252,22756,23409,27486,29223,32835,35879,42295,52983,65371,59416,72596,88859,91534,83378,110781,118227,119526,73171,76709,80481,59668,56637,56637,58816,37668,33473,34354,36997,35550,36085,37985,38934,25879,22952,25368,28388,37284,32551,33291,31071,42908,43681,32542
WSCCB,0,0,0,0,0,0,0,0,0,0,0,0,0,0,0,0,0,0,0,0,0,0,0,0,0,0,0,0,0,0,383,383,383,725,1509,3639,3169,3538,3113,3212,4585,2814,3452,4213,4448,5445,6547,5357,5167,5307,5262,12364,12423,12343,12034,11621
WSEIB,5,0,245,0,204,672,1010,803,690,447,508,420,320,261,206,204,192,293,169,95,211,238,140,57,2,46,317,254,118,19671,29432,33595,38223,37706,35556,34469,29298,28448,29504,30442,29942,26557,35720,24151,24298,23973,25977,26242,27974,27706,27986,22141,22131,24038,24934,25173
WSICB,0,0,0,0,0,0,0,0,0,0,0,0,0,0,0,0,0,0,0,0,0,3312,4494,5930,7774,8769,2311,2547,2781,2226,2423,2209,2356,2274,4178,4385,2839,2373,2018,1868,1476,6169,7484,7132,7043,7361,3259,3702,3648,4034,4123,4131,3775,4151,3996,3963
WWCCB,479,465,446,434,433,410,401,427,432,446,455,465,459,431,443,521,552,623,683,802,1315,1572,1346,1647,1994,2175,2447,3768,4157,9682,8380,8731,9188,8757,9200,11402,11233,9831,8610,8992,10771,9069,9858,10883,10969,9599,10400,9450,9485,10574,10462,17369,16807,17423,17252,17319
WWEIB,5,0,245,0,204,672,1010,803,690,447,508,420,320,261,206,204,192,293,169,95,211,238,140,57,2,46,317,254,118,39440,71541,70025,78994,76560,82057,62599,61973,61676,64305,69624,69416,60668,81194,72621,71865,73098,74876,71470,74627,77484,79022,69000,75213,74270,78215,75669
WWICB,56347,58583,62711,69660,74975,74751,78088,78398,86550,91831,91693,93620,102615,106674,110665,99278,114793,118233,123530,125182,61101,64489,62388,70468,71892,71589,41277,40689,42110,63274,65331,58544,57073,46715,44821,42268,35567,42050,34671,37611,41117,50862,34921,33812,33983,37033,30569,31519,28310,26700,27138,29454,28613,27257,24228,22797
WWTCB,82098,83506,86898,93022,98436,97488,100673,101885,110274,116253,116839,119221,127646,130122,134723,127489,144760,151984,160261,168373,115610,131670,123289,144767,162747,165344,127418,155492,164612,231921,218424,214009,225736,191699,192715,172906,167589,151226,141059,150581,158300,156150,162059,155300,155750,145608,138797,137807,140810,152041,149173,149114,151705,161858,163376,148328
WWTXB,82093,83506,86652,93022,98232,96816,99662,101081,109583,115806,116331,118801,127326,129861,134517,127285,144568,151691,160092,168279,115399,131432,123149,144711,162745,165298,127101,155238,164494,192481,146883,143984,146742,115139,110658,110307,105616,89550,76754,80957,88884,95482,80865,82680,83886,72510,63921,66337,66183,74558,70151,80114,76492,87588,85160,72658
WXICB,3039,3006,2715,2609,2463,2624,2151,2124,2394,2519,2530,2537,2615,3355,3287,2937,3932,3287,3387,3317,3241,3555,2779,3022,2993,3062,2984,3193,3311,3264,3248,4016,4260,4576,4640,4641,5389,4844,4692,4145,3663,4603,4075,3932,3896,3973,3436,2876,2516,1606,2245,1981,2010,2225,1995,1668
WYCCB,0,0,0,0,0,0,0,0,0,0,0,0,0,0,0,0,0,0,0,0,0,0,0,0,0,0,0,0,0,0,0,0,0,0,0,0,0,0,0,0,0,0,0,0,0,0,0,0,0,0,0,0,0,10,31,50
WYEGB,0,0,0,0,0,0,0,0,0,0,0,0,0,0,0,0,0,0,0,0,0,0,0,16,37,28,28,38,6,21685,28698,30416,29619,30758,34942,31831,31836,32037,28122,33029,35887,36163,38684,39441,43128,42618,48433,55201,53063,56997,59303,75317,92820,122310,123512,113880
WYICB,0,0,0,0,0,0,0,0,0,0,0,0,0,0,0,0,0,0,0,0,0,0,0,0,0,0,0,0,0,0,0,0,0,0,0,0,0,0,0,0,0,0,0,0,0,0,0,0,0,0,0,0,1,15,16,37
WYTCB,0,0,0,0,0,0,0,0,0,0,0,0,0,0,0,0,0,0,0,0,0,0,0,16,37,28,28,38,6,21685,28698,30416,29619,30758,34942,31831,31836,32037,28122,33029,35887,36163,38684,39441,43128,42618,48433,55201,53063,56997,59303,75317,92821,122335,123559,113967
WYTXB,0,0,0,0,0,0,0,0,0,0,0,0,0,0,0,0,0,0,0,0,0,0,0,0,0,0,0,0,0,0,0,0,0,0,0,0,0,0,0,0,0,0,0,0,0,0,0,0,0,0,0,0,1,25,47,88
