ABICB,0,0,0,0,0,0,0,0,0,0,0,0,0,0,0,0,0,0,0,0,0,1387,1329,196,24,1050,145,12,-278,27,61,-21,40,37,1582,1373,1805,2363,1036,1665,997,1614,1974,1992,2889,2150,164,466,26,-220,-67,3,-1,-110,-41,-104
ARICB,41700,48305,50029,47427,48851,51835,56113,59553,61556,66145,78868,76175,75513,77978,81042,54080,44787,36099,47414,62155,72373,52579,52123,77780,71200,78355,90548,83620,95781,64249,92991,62183,78307,84504,72643,78263,79380,69739,74330,55993,52804,77777,87617,92344,86175,114068,104458,100465,71107,38051,44093,34084,38102,40617,43196,50030
ARTCB,41700,48305,50029,47427,48851,51835,56113,59553,61556,66145,78868,76175,75513,77978,81042,54080,44787,36099,47414,62155,72373,52579,52123,77780,71200,78355,90548,83620,95781,64249,92991,62183,78307,84504,72643,78263,79380,69739,74330,55993,52804,77777,87617,92344,86175,114068,104458,100465,71107,38051,44093,34084,38102,40617,43196,50030
ARTXB,41700,48305,50029,47427,48851,51835,56113,59553,61556,66145,78868,76175,75513,77978,81042,54080,44787,36099,47414,62155,72373,52579,52123,77780,71200,78355,90548,83620,95781,64249,92991,62183,78307,84504,72643,78263,79380,69739,74330,55993,52804,77777,87617,92344,86175,114068,104458,100465,71107,38051,44093,34084,38102,40617,43196,50030
AVACB,16460,14414,19603,18448,17014,17453,15202,13483,11221,11039,10131,10085,7898,7847,8092,6624,6411,6873,6454,5936,6380,6570,4559,3848,4859,6649,7771,5806,5112,4138,4230,3309,3955,3498,3902,3255,3155,3320,2799,4017,3073,2362,2690,2581,2443,2579,2495,2484,2112,1753,3138,3413,3498,3288,2277,1841
AVTCB,16460,14414,19603,18448,17014,17453,15202,13483,11221,11039,10131,10085,7898,7847,8092,6624,6411,6873,6454,5936,6380,6570,4559,3848,4859,6649,7771,5806,5112,4138,4230,3309,3955,3498,3902,3255,3155,3320,2799,4017,3073,2362,2690,2581,2443,2579,2495,2484,2112,1753,3138,3413,3498,3288,2277,1841
AVTXB,16460,14414,19603,18448,17014,17453,15202,13483,11221,11039,10131,10085,7898,7847,8092,6624,6411,6873,6454,5936,6380,6570,4559,3848,4859,6649,7771,5806,5112,4138,4230,3309,3955,3498,3902,3255,3155,3320,2799,4017,3073,2362,2690,2581,2443,2579,2495,2484,2112,1753,3138,3413,3498,3288,2277,1841
BMTCB,38296,38880,39275,37709,39136,41196,43785,43901,49149,51073,52207,51251,58945,60439,59656,55820,64884,70366,76252,77273,55648,58544,70015,66418,77878,81664,92451,98225,99028,112011,98022,98409,108088,98558,98792,103690,100412,106311,99146,82866,86905,76166,83739,80860,77141,81554,115268,138128,174293,140097,179840,205461,200194,197910,214212,215666
CLACB,295,57,54,47,64,61,52,36,34,25,29,18,14,34,26,11,5,3,0,0,0,0,0,0,0,0,0,0,0,0,0,0,0,0,0,0,0,0,0,0,0,0,0,0,0,0,0,0,0,0,0,0,0,0,0,0
CLCCB,107,65,68,53,44,39,44,36,17,13,11,8,8,10,13,0,0,22,0,0,12,79,109,0,0,123,269,527,862,246,216,225,175,94,2,0,0,2,315,119,181,386,1075,2350,252,284,2,0,319,375,287,300,280,241,225,171
CLEIB,0,0,0,0,0,0,0,0,0,0,0,130,25912,66237,72748,118509,163431,232416,357202,504023,670791,767000,847168,950870,981788,1063434,1090162,1141357,1210838,1273333,1271920,1269988,1263384,1359679,1306565,1301126,1411826,1449081,1425307,1467723,1474883,1417079,1477476,1528776,1554811,1557476,1539379,1568721,1566630,1480416,1553945,1675488,1478692,1575503,1558256,1319835
CLICB,24418,17987,20362,19001,26063,29031,27688,23405,24922,25087,30714,23885,24200,59623,60349,77652,62907,55737,61236,83619,63339,91418,83765,65888,93080,85407,72234,61884,52170,62262,61481,63187,60465,70882,82842,63674,73751,74119,62929,62567,73098,75464,71627,72494,70937,70078,70919,40433,38976,17063,13828,19450,19846,21613,27480,20417
CLKCB,18950,13936,17930,16758,23021,26621,25807,21599,23039,24971,30496,23191,23534,26604,24427,25613,16725,17835,10816,30084,26478,18599,10264,295,13373,10827,2064,0,0,0,0,0,0,0,0,0,0,0,0,0,0,0,0,0,0,0,0,0,0,0,0,0,0,0,0,0
CLOCB,5467,4051,2433,2243,3042,2410,1881,1806,1883,117,218,694,667,33019,35921,52039,46182,37903,50420,53535,36861,72819,73501,65594,79707,74580,70170,61884,52170,62262,61481,63187,60465,70882,82842,63674,73751,74119,62929,62567,73098,75464,71627,72494,70937,70078,70919,40433,38976,17063,13828,19450,19846,21613,27480,20417
CLRCB,154,94,98,73,61,51,59,47,22,16,14,7,6,6,6,0,0,9,0,0,3,17,22,0,0,35,80,157,243,65,54,49,39,21,0,0,0,0,39,16,22,48,147,351,28,25,0,0,0,0,0,0,0,0,0,0
CLTCB,24974,18203,20582,19173,26232,29182,27844,23523,24996,25141,30767,24048,50140,125909,133141,196172,226342,288187,418438,587642,734145,858514,931065,1016758,1074868,1148998,1162745,1203925,1264113,1335906,1333671,1333449,1324063,1430676,1389409,1364800,1485577,1523201,1488589,1530426,1548184,1492977,1550325,1603971,1626029,1627863,1610301,1609155,1605925,1497854,1568060,1695239,1498818,1597357,1585961,1340422
CLTXB,24974,18203,20582,19173,26232,29182,27844,23523,24996,25141,30767,23918,24228,59673,60393,77663,62911,55771,61236,83619,63354,91515,83897,65888,93080,85565,72583,62568,53275,62573,61750,63462,60679,70996,82844,63674,73751,74120,63283,62703,73302,75898,72849,75196,71218,70387,70922,40434,39295,17438,14115,19751,20125,21854,27705,20588
COICB,0,0,0,0,0,0,0,0,0,0,0,0,0,0,0,0,0,0,0,0,0,0,0,1419,1507,1655,209,0,0,0,0,0,0,0,0,0,0,0,0,0,0,0,0,0,0,0,0,0,0,0,0,0,0,0,0,0
DFACB,79051,80294,82728,86902,87185,92092,82259,87476,102860,120697,130795,141227,178028,209761,222929,217804,224186,252574,271860,287573,281268,334815,332284,312874,294377,309159,285233,280676,277732,296647,275924,306723,327288,355099,367366,378048,408509,427327,460070,463049,482095,535027,533226,542106,590562,609750,687151,689893,649283,619538,667498,712958,704291,748563,847102,841110
DFCCB,3469,1851,2439,2475,2363,2565,2618,2273,2584,4103,4833,5371,8158,9061,9497,9720,11788,20183,22497,26021,16555,21786,28424,52145,41271,39480,23359,29853,20654,16047,12958,12948,13625,11397,12887,15536,15595,14029,17876,16704,32919,21106,13476,15744,10452,15808,14041,14121,13192,19353,14410,26561,24054,19755,18569,16675
DFEIB,106,99,183,151,90,83,110,86,122,163,261,292,474,448,2315,437,774,1519,928,1810,6557,5323,7517,10373,3676,4515,2758,2932,3810,13687,4201,2048,1729,2416,8076,3109,4049,1945,2963,4633,12495,17012,2545,14860,1748,1841,1407,1395,1114,783,1154,1532,1355,1022,1153,1192
DFICB,58940,45020,54409,50069,50036,49622,47702,41240,28200,47182,52114,55684,80084,92367,88293,89126,101071,157749,172688,198871,117958,166240,158905,187401,148324,112594,118629,95791,102156,103677,102476,101545,101183,108620,96606,116168,134935,127419,138696,124948,123316,121590,114690,113978,98165,116540,117651,130615,153075,114425,129037,175559,197215,188940,228328,158322
DFRCB,562,300,395,401,383,416,424,368,419,665,783,870,1322,1468,1539,1575,1910,3270,3645,4215,47,41,168,2006,1587,160,89,299,117,53,10,14,10,16,31,36,0,1,2,12,16,5,23,1,844,28,2,2,2,10,4,18,14,2,8,9
DFTCB,142128,127564,140155,139999,140057,144777,133113,131443,134185,172809,188786,203443,268065,313105,324572,318661,339728,435295,471618,518491,422386,528205,527299,564799,489236,465908,430069,409551,404470,430111,395569,423279,443834,477547,484966,512896,563089,570722,619606,609347,650841,694740,663959,686690,701771,743967,820251,836026,816666,754109,812103,916628,926928,958282,1095160,1017308
DFTXB,142022,127465,139972,139848,139967,144694,133003,131357,134063,172646,188525,203151,267592,312657,322257,318224,338954,433776,470690,516681,415828,522882,519782,554426,485560,461393,427311,406618,400660,416424,391368,421231,442105,475132,476890,509788,559040,568777,616644,604713,638346,677728,661415,671829,700023,742126,818844,834630,815552,753326,810949,915096,925573,957260,1094007,1016116
DKEIB,106,99,183,151,90,83,110,86,122,163,261,292,474,448,2315,437,774,1519,928,1810,6557,5323,7517,10373,3676,4515,2758,2932,3810,13687,4201,2048,1729,2416,8076,3109,4049,1945,2963,4633,12495,17012,2545,14860,1748,1841,1407,1395,1114,783,1154,1532,1355,1022,1153,1192
ELEXB,709,628,589,634,445,283,310,337,385,497,543,660,932,1211,1307,1414,1193,278,56,95,1982,987,24,29,32,32,36,137,108,204,220,1525,3284,2733,3292,3157,3513,3765,16,67,63,10,1021,1012,1005,1005,996,1374,3456,1150,1059,1046,1041,2314,1492,863
ELIMB,111,272,231,55,4,3,2,1,42,48,127,108,200,121,111,244,369,102,0,0,0,0,7,186,182,18,0,1,0,5,4,0,0,0,0,0,19,1795,2519,696,8,12,274,272,270,266,271,545,3279,1526,1018,281,279,31,44,0
ELISB,-9853,-9755,-20703,-24622,-31052,-10387,-5246,-8343,-1664,1990,14505,-5349,-20970,-3299,-11577,-27052,-21523,-35054,-36787,-62031,-90490,-100549,-63919,-19638,28018,60742,95560,109715,109865,-12652,18715,10525,-22829,25922,43040,48255,96062,103086,93242,82764,62335,50855,94068,70313,-37851,84048,4037,-52715,-24795,56149,62655,134,-43690,95191,130633,45176
ELNIB,-598,-356,-357,-578,-440,-280,-307,-335,-343,-449,-416,-552,-732,-1090,-1196,-1169,-824,-176,-56,-95,-1982,-987,-17,157,151,-14,-36,-135,-108,-199,-217,-1525,-3284,-2733,-3292,-3157,-3494,-1970,2504,630,-55,3,-747,-741,-736,-738,-725,-829,-177,376,-41,-766,-762,-2284,-1448,-863
EMACB,0,0,0,0,0,0,0,0,0,0,0,0,0,0,0,0,0,0,0,0,0,0,312,2239,1578,2709,2642,3718,2790,2098,1960,1957,2217,510,1265,4134,1540,3635,5372,4678,5360,5383,2344,1907,2254,1361,36743,52727,62850,65783,84079,99700,93613,93376,104396,106210
EMCCB,0,0,0,0,0,0,0,0,0,0,0,0,0,0,0,0,0,0,0,0,0,0,1,28,14,27,27,43,34,25,23,16,16,0,1,3,1,3,4,3,4,4,2,1,1,1,25,69,80,72,95,105,99,100,102,1709
EMICB,0,0,0,0,0,0,0,0,0,0,0,0,0,0,0,0,0,0,0,0,0,0,1,6,18,64,59,79,57,48,43,47,49,9,22,78,28,70,115,49,56,99,45,38,50,29,802,845,856,879,1680,2122,1829,1927,1512,1221
EMLCB,0,0,0,0,0,0,0,0,0,0,0,0,0,0,0,0,0,0,0,0,0,3,11,21,25,27,28,30,30,28,24,28,24,0,0,0,0,0,0,0,0,0,0,0,0,0,0,0,10498,9206,14313,17308,18177,11141,16969,19727
EMTCB,0,0,0,0,0,0,0,0,0,0,0,0,0,0,0,0,0,0,0,0,0,0,314,2274,1610,2800,2728,3840,2880,2171,2026,2020,2283,519,1288,4215,1569,3707,5491,4730,5419,5485,2390,1946,2306,1391,37570,53641,63786,66734,85854,101927,95540,95403,106011,109140
ESACB,28,25,21,20,17,14,0,0,0,0,0,0,0,0,0,0,0,0,0,0,0,0,0,0,0,0,0,0,0,0,0,0,0,0,0,0,26,63,71,66,104,116,151,307,278,241,211,229,234,242,254,233,239,207,589,613
ESCCB,33440,35920,39125,43461,46527,50511,54413,59454,64158,71425,78030,86422,96577,102708,105048,115613,119797,129255,138125,139667,150340,161226,168337,174792,194999,205232,209326,213112,223525,230057,241503,246146,245924,257490,266333,274169,284825,290574,312362,318995,340342,349590,331357,329921,339888,377996,379177,377163,387732,404441,414446,437465,454154,465793,475742,465136
ESICB,49822,52136,58759,65138,72125,80812,93073,101820,114638,128809,137416,144357,157862,169878,176111,186678,205620,232967,246462,260742,266784,272637,259498,271693,282316,277173,271347,270359,278349,281882,286905,287026,291457,296615,308204,307398,325192,342663,350420,340317,346620,335087,348881,356714,343206,330423,357198,369521,361223,330728,340362,348464,322493,347914,372473,375942
ESRCB,38609,39656,48298,55061,58785,63956,69281,76842,86203,103080,111201,122764,139886,145461,148514,139522,140474,159788,174370,171907,195091,196602,207221,205833,233253,244777,247003,253748,263594,271662,281652,286909,279557,299184,306373,316740,340027,344933,376800,370514,398847,400374,414337,414063,410566,431829,432789,426231,437555,442928,467995,496972,468848,478610,480750,496964
ESTCB,121898,127737,146203,163680,177454,195294,216767,238116,264999,303314,326647,353543,394325,418047,429673,441813,465891,522009,558957,572315,612215,630465,635057,652317,710569,727183,727676,737219,765468,783601,810060,820080,816939,853288,880909,898307,950070,978232,1039653,1029892,1085912,1085167,1094726,1101004,1093938,1140489,1169375,1173143,1186744,1178339,1223057,1283134,1245735,1292524,1329553,1338655
ESTXB,121898,127737,146203,163680,177454,195294,216767,238116,264999,303314,326647,353543,394325,418047,429673,441813,465891,522009,558957,572315,612215,630465,635057,652317,710569,727183,727676,737219,765468,783601,810060,820080,816939,853288,880909,898307,950070,978232,1039653,1029892,1085912,1085167,1094726,1101004,1093938,1140489,1169375,1173143,1186744,1178339,1223057,1283134,1245735,1292524,1329553,1338655
FFTCB,4398983,4429307,4639538,4903742,5030581,5206215,5544541,5842990,6214794,6599623,6856044,7190877,7591555,8183479,8045876,7479215,7798082,8446541,8913088,9298008,9431344,9200643,8476973,8372433,8862494,8885317,8825216,9035634,9579246,9901623,10001740,9976230,10115007,10323290,10463985,10565897,11297801,11668119,11851425,11561844,11914541,11696349,11969591,11808273,11880701,11286024,11294039,11212201,10556714,10101667,10740967,10979615,11054478,11608479,11585255,11790469
FNICB,0,0,0,70537,78740,75339,127654,161270,178147,184396,183467,182000,186017,182003,198201,171401,234774,237913,239886,277746,289786,268864,192945,173179,168519,143916,208358,212336,217025,237166,212275,182458,230174,213979,243121,227634,292540,327370,361080,316131,421383,364765,457240,486600,601453,566287,514562,464440,397474,399903,422359,419558,390803,445831,377587,365177
FOICB,0,0,0,92727,103769,91924,97850,98588,112605,111048,128450,153886,208800,248699,230399,194840,254569,402373,500686,595520,604287,512002,367174,360059,330713,355513,429342,390720,410295,383794,530479,582105,573113,593913,590089,563612,513396,605992,579337,547225,439328,356287,294386,286994,278389,237924,249526,91404,0,0,0,0,0,0,0,0
FSICB,0,0,0,12447,12418,14370,16069,15743,15953,16312,20508,26059,23037,19896,23228,24577,27551,28714,33010,21588,26303,11475,12005,15123,19021,20547,0,0,0,0,0,0,0,0,0,0,0,0,0,0,0,0,0,0,0,0,0,0,0,0,0,0,0,0,0,0
GDPRX,,,,,,,,,,,,,,,,,,,,,,,,,,,,,,,,,,,,,,816575,866952,900960,930610,954786,968721,976634,1023202,1047014,1111803,1166680,1173697,1166516,1197006,1240117,1310522,1377100,1427880,1492761
GECCB,0,0,0,0,0,0,0,0,0,0,0,0,0,0,0,0,0,0,0,0,0,0,0,0,0,0,0,0,0,18,38,56,75,92,113,127,160,176,232,218,218,256,278,378,427,501,533,565,607,699,788,1008,890,890,890,890
GEEGB,0,0,0,0,0,0,0,0,0,0,0,0,0,0,0,0,0,0,0,0,0,0,0,0,0,0,0,0,0,0,0,0,0,0,0,0,0,0,0,0,0,0,0,0,0,0,0,0,0,0,0,0,0,0,0,0
GEICB,0,0,0,0,0,0,0,0,0,0,0,0,0,0,0,0,0,0,0,0,0,0,0,0,0,0,0,0,0,0,0,0,0,0,0,0,0,0,0,0,0,0,0,0,0,0,0,0,0,0,0,0,0,0,0,0
GERCB,0,0,0,0,0,0,0,0,0,0,0,0,0,0,0,0,0,0,0,0,0,0,0,0,0,0,0,0,0,179,198,215,232,247,227,243,257,275,285,344,344,384,416,536,579,660,763,920,1091,1358,1528,1480,1588,1588,1588,1588
GETCB,0,0,0,0,0,0,0,0,0,0,0,0,0,0,0,0,0,0,0,0,0,0,0,0,0,0,0,0,0,198,236,272,307,339,341,370,417,451,516,562,562,639,694,914,1007,1161,1296,1486,1699,2057,2316,2488,2478,2478,2478,2478
GETXB,0,0,0,0,0,0,0,0,0,0,0,0,0,0,0,0,0,0,0,0,0,0,0,0,0,0,0,0,0,198,236,272,307,339,341,370,417,451,516,562,562,639,694,914,1007,1161,1296,1486,1699,2057,2316,2488,2478,2478,2478,2478
HYCCB,0,0,0,0,0,0,0,0,0,0,0,0,0,0,0,0,0,0,0,0,0,0,0,0,0,0,0,0,0,0,0,0,0,0,0,0,0,0,0,0,0,0,0,0,0,0,0,0,0,0,0,0,0,0,0,0
HYEGB,11859,13143,8446,5009,4748,7771,8195,6043,13790,13279,10550,9220,8615,17663,17035,19997,11026,12144,7923,12448,10171,11972,10738,11648,10767,14636,20603,22482,12751,15034,18657,23216,27284,18416,15788,17565,9925,18289,14529,11455,8456,12403,11429,9077,13027,13324,6566,16254,10243,10040,12310,5471,5562,4580,3670,8913
HYICB,0,0,0,0,0,0,0,0,0,0,0,0,0,0,0,55,55,55,0,0,0,0,0,0,0,0,0,0,0,0,0,0,0,0,0,0,0,0,0,0,0,0,0,0,0,0,0,0,0,0,0,0,0,0,0,0
HYTCB,11859,13143,8446,5009,4748,7771,8195,6043,13790,13279,10550,9220,8615,17663,17035,20052,11080,12199,7923,12448,10171,11972,10738,11648,10767,14636,20603,22482,12751,15034,18657,23216,27284,18416,15788,17565,9925,18289,14529,11455,8456,12403,11429,9077,13027,13324,6566,16254,10243,10040,12310,5471,5562,4580,3670,8913
HYTXB,0,0,0,0,0,0,0,0,0,0,0,0,0,0,0,55,55,55,0,0,0,0,0,0,0,0,0,0,0,0,0,0,0,0,0,0,0,0,0,0,0,0,0,0,0,0,0,0,0,0,0,0,0,0,0,0
JFACB,58554,63946,76442,79790,84507,84342,97167,116822,133917,139242,135936,139442,144398,148192,144861,152662,143321,149255,156521,163989,173277,173399,240661,266030,364336,420547,453003,477555,535498,526931,542139,512815,509100,492026,472453,470479,566221,599046,615962,594762,582403,639834,655440,574567,503613,455765,461834,427566,411165,350451,350878,350447,353969,386660,411779,448448
JFTCB,58554,63946,76442,79790,84507,84342,97167,116822,133917,139242,135936,139442,144398,148192,144861,152662,143321,149255,156521,163989,173277,173399,240661,266030,364336,420547,453003,477555,535498,526931,542139,512815,509100,492026,472453,470479,566221,599046,615962,594762,582403,639834,655440,574567,503613,455765,461834,427566,411165,350451,350878,350447,353969,386660,411779,448448
JFTXB,58554,63946,76442,79790,84507,84342,97167,116822,133917,139242,135936,139442,144398,148192,144861,152662,143321,149255,156521,163989,173277,173399,240661,266030,364336,420547,453003,477555,535498,526931,542139,512815,509100,492026,472453,470479,566221,599046,615962,594762,582403,639834,655440,574567,503613,455765,461834,427566,411165,350451,350878,350447,353969,386660,411779,448448
JKACB,8912,13516,22165,24144,27246,37110,48089,62959,72783,86841,92029,93697,101666,109938,105665,115700,108209,112610,122859,131192,137235,140568,205501,232181,328728,388764,422201,445097,501888,494904,514381,490585,485899,474311,465533,468024,565515,598766,615962,594762,582403,639834,655440,574567,503613,455765,461834,427566,411165,350451,350878,350447,353969,386660,411779,448448
JKTCB,8912,13516,22165,24144,27246,37110,48089,62959,72783,86841,92029,93697,101666,109938,105665,115700,108209,112610,122859,131192,137235,140568,205501,232181,328728,388764,422201,445097,501888,494904,514381,490585,485899,474311,465533,468024,565515,598766,615962,594762,582403,639834,655440,574567,503613,455765,461834,427566,411165,350451,350878,350447,353969,386660,411779,448448
JNACB,49642,50430,54276,55646,57261,47232,49078,53864,61133,52401,43907,45744,42733,38254,39196,36961,35112,36645,33662,32797,36042,32830,35160,33849,35608,31782,30802,32459,33610,32027,27758,22230,23200,17715,6920,2455,706,280,0,0,0,0,0,0,0,0,0,0,0,0,0,0,0,0,0,0
JNTCB,49642,50430,54276,55646,57261,47232,49078,53864,61133,52401,43907,45744,42733,38254,39196,36961,35112,36645,33662,32797,36042,32830,35160,33849,35608,31782,30802,32459,33610,32027,27758,22230,23200,17715,6920,2455,706,280,0,0,0,0,0,0,0,0,0,0,0,0,0,0,0,0,0,0
KSCCB,3718,1606,2267,3008,4129,4468,11452,10823,19174,20031,20431,17164,20021,29642,24836,23769,16283,21381,24022,57675,18433,38601,7360,66791,5974,1420,1003,464,234,2298,140,71,387,139,167,262,213,215,297,320,273,474,326,197,195,247,417,244,215,195,130,107,51,28,76,42
KSICB,15476,6088,5976,8919,16736,15101,30754,28902,20141,22090,21906,15116,21099,19464,18009,16814,13838,17037,22006,41981,67507,21676,48047,13521,1923,2345,2581,2516,758,1408,842,264,467,550,559,726,913,1598,1970,761,1389,2616,413,1111,1575,1356,1231,750,775,405,219,379,157,145,151,203
KSRCB,34,15,21,28,38,41,106,100,177,185,189,159,185,274,229,220,150,198,222,533,1123,646,2019,635,272,637,261,336,331,279,149,195,129,172,113,125,218,254,173,178,170,327,98,104,65,87,40,54,46,17,28,16,4,7,9,7
KSTCB,19229,7709,8264,11954,20903,19610,42312,39825,39492,42306,42525,32438,41305,49380,43075,40803,30271,38616,46250,100189,87063,60924,57426,80947,8169,4402,3845,3316,1322,3984,1132,529,982,861,839,1112,1344,2067,2440,1259,1833,3417,838,1412,1835,1690,1689,1047,1036,616,377,503,213,180,236,251
KSTXB,19229,7709,8264,11954,20903,19610,42312,39825,39492,42306,42525,32438,41305,49380,43075,40803,30271,38616,46250,100189,87063,60924,57426,80947,8169,4402,3845,3316,1322,3984,1132,529,982,861,839,1112,1344,2067,2440,1259,1833,3417,838,1412,1835,1690,1689,1047,1036,616,377,503,213,180,236,251
LGACB,7764,8408,8673,9333,12051,17598,18609,18472,20906,21782,21431,24419,25067,23043,20329,19061,19656,20777,19208,2999,2489,5267,4592,5452,3182,2336,2931,1734,1778,1735,1838,1324,1187,1335,2355,1236,1051,944,2821,1402,896,2247,1843,2009,2199,1796,1995,1389,2541,1926,1801,2220,2548,3307,4717,3098
LGCCB,10602,10626,10711,11015,13382,13725,12483,12765,14704,17390,16191,15563,16142,14730,13074,12007,12287,11334,12580,6447,6447,6567,4973,5914,5400,7636,6951,7409,6527,6871,6449,4248,3626,3863,3814,3490,2431,3684,4787,9560,11309,12846,11507,13162,7494,10068,8854,2663,8662,6816,9008,6812,7040,7618,7577,8132
LGICB,247302,257481,281683,301501,345830,369968,382240,362606,406736,472802,476438,486289,569973,597367,574951,506138,515330,517936,522403,634206,661013,702915,671610,668651,910077,878709,867675,952083,1028278,1084921,1017537,1122407,1174305,1125532,1267920,1307457,1392678,1582474,1568778,1542623,1393193,1332850,1439036,1477585,1554490,1429666,1464316,1499921,1171678,1219306,1393983,1425360,1531499,1622181,1568291,1715283
LGRCB,34900,34979,35258,36260,44052,45180,41094,42020,48404,57245,53297,51230,53137,48488,43038,39525,40446,37310,41411,21221,21223,21617,16370,19468,17776,25138,22882,24390,21487,22618,21228,13985,11936,12716,12556,11488,8003,12127,15757,31469,37228,42288,37879,32540,25666,30529,23227,25366,24025,20559,20526,18139,14891,17774,17513,18015
LGTCB,300569,311493,336324,358108,415315,446470,454426,435864,490750,569219,567356,577501,664320,683628,651392,576730,587719,587357,595601,664873,691172,736366,697546,699485,936434,913819,900440,985615,1058071,1116145,1047052,1141963,1191054,1143446,1286645,1323671,1404163,1599229,1592142,1585054,1442627,1390231,1490265,1525297,1589849,1472059,1498391,1529339,1206907,1248606,1425319,1452532,1555977,1650880,1598099,1744528
LGTXB,300569,311493,336324,358108,415315,446470,454426,435864,490750,569219,567356,577501,664320,683628,651392,576730,587719,587357,595601,664873,691172,736366,697546,699485,936434,913819,900440,985615,1058071,1116145,1047052,1141963,1191054,1143446,1286645,1323671,1404163,1599229,1592142,1585054,1442627,1390231,1490265,1525297,1589849,1472059,1498391,1529339,1206907,1248606,1425319,1452532,1555977,1650880,1598099,1744528
LOACB,69,62,51,48,41,33,0,0,0,0,0,0,0,0,0,0,0,0,0,0,0,0,0,0,0,0,0,0,0,0,0,0,0,0,0,0,60,146,163,156,239,255,344,668,593,524,432,468,481,500,515,474,474,416,1164,1170
LOCCB,82695,87290,93984,103894,110562,120583,130412,142014,153069,170384,188768,208399,231218,243737,254017,277323,286659,308942,334484,333396,361164,377540,398023,411071,444672,470053,469608,471682,494910,531105,551386,558906,555304,587563,612721,641449,658918,671545,720205,748480,783578,770315,753246,717313,725611,822857,777922,772370,797175,835332,840705,888960,898946,933442,940702,887761
LOICB,123207,126698,141147,155715,171389,192919,223067,243209,273506,307272,332433,348104,377942,403138,425856,447787,492023,556832,596837,622412,640902,638430,613568,638961,643789,634823,608747,598388,616297,650748,655044,651729,658118,676841,709048,719191,752305,791928,807954,798509,798032,738357,793080,775567,732695,719295,732831,756720,742673,683086,690425,708103,638338,697216,736503,717524
LORCB,95477,96369,116018,131626,139690,152680,166045,183546,205665,245896,269015,296034,334906,345196,359124,334673,336138,381921,422257,410356,468672,460381,489962,484073,531907,560625,554132,561623,583628,627156,643052,651463,631248,682703,704835,741048,786623,797174,868778,869363,918276,882215,941875,900254,876497,940046,887913,872854,899612,914825,949328,1009882,928032,959128,950603,948508
LOTCB,301448,310419,351200,391282,421681,466215,519524,568768,632240,723552,790217,852538,944066,992071,1038997,1059783,1114819,1247694,1353578,1366164,1470739,1476351,1501553,1534105,1620368,1665501,1632487,1631693,1694836,1809010,1849482,1862098,1844670,1947107,2026604,2101688,2197906,2260793,2397100,2416508,2500125,2391142,2488545,2393801,2335395,2482722,2399097,2402412,2439941,2433743,2480972,2607419,2465789,2590202,2628972,2554963
LOTXB,301448,310419,351200,391282,421681,466215,519524,568768,632240,723552,790217,852538,944066,992071,1038997,1059783,1114819,1247694,1353578,1366164,1470739,1476351,1501553,1534105,1620368,1665501,1632487,1631693,1694836,1809010,1849482,1862098,1844670,1947107,2026604,2101688,2197906,2260793,2397100,2416508,2500125,2391142,2488545,2393801,2335395,2482722,2399097,2402412,2439941,2433743,2480972,2607419,2465789,2590202,2628972,2554963
LUACB,10798,10509,10849,10846,11390,11001,11428,10062,11052,9662,9842,9869,10568,11021,10555,10542,11711,11573,12428,13005,11580,11106,10128,10603,11307,10538,10304,11649,11234,11522,11857,10608,10815,11012,11510,11312,10979,11598,12141,12268,12084,11072,10941,10115,10247,10194,9931,10256,9521,8560,9511,9024,8303,8785,9163,9979
LUICB,10385,10107,14076,14072,14778,11971,12436,12531,13765,15367,15654,16050,17186,19400,18580,15667,17404,20793,22330,23366,20807,19954,18197,19051,20316,18934,18513,20930,20184,20702,21304,19059,19431,19786,20680,20325,19725,20838,21814,22042,21712,19893,19657,18173,18411,18315,17844,18427,17107,15381,17089,16214,14918,15784,16464,17930
LUTCB,21183,20616,24926,24918,26167,22972,23863,22593,24817,25029,25496,25919,27754,30420,29135,26209,29115,32366,34758,36370,32387,31060,28324,29655,31623,29472,28817,32579,31417,32224,33161,29667,30246,30798,32190,31638,30704,32435,33955,34310,33796,30964,30598,28288,28658,28509,27775,28683,26629,23941,26600,25238,23221,24568,25627,27909
LUTXB,21183,20616,24926,24918,26167,22972,23863,22593,24817,25029,25496,25919,27754,30420,29135,26209,29115,32366,34758,36370,32387,31060,28324,29655,31623,29472,28817,32579,31417,32224,33161,29667,30246,30798,32190,31638,30704,32435,33955,34310,33796,30964,30598,28288,28658,28509,27775,28683,26629,23941,26600,25238,23221,24568,25627,27909
MBICB,0,0,0,0,0,0,0,0,0,0,0,0,0,0,0,0,0,0,0,0,0,-67870,-54855,-39636,-18473,-54868,-75620,-33392,-15297,14598,13912,-6766,19109,0,0,0,0,0,0,0,0,0,0,0,0,0,0,0,0,0,0,0,0,0,0,0
MGACB,459013,474164,493674,513178,529509,549340,580793,605027,653342,691647,731700,769561,826876,880608,872166,913258,966025,1014207,1053058,1018789,930976,964682,993637,1008867,1012556,1044090,1065750,1044388,1061717,1033105,1044152,1011408,1023815,1066512,1123939,1092229,1159320,1150422,1208079,1252820,1288252,1312594,1372090,1374170,1401791,1415958,1448991,1472549,1455330,1451405,1461131,1437227,1451409,1495533,1567791,1622105
MGCCB,3481,3461,3559,3489,3434,3737,3657,3407,3928,3842,3634,3225,3205,3297,3619,3610,8344,5221,4214,6105,17332,4104,4568,12765,9177,10266,10963,12062,12820,12259,12048,8527,7597,832,839,855,852,849,853,858,870,919,929,921,926,934,971,1916,1850,1584,1658,1520,1536,1594,1535,26094
MGICB,19949,17902,16358,15751,14287,13464,11570,10263,10062,8541,7405,7917,6417,6221,6009,5235,6384,4998,3785,4613,2470,3938,3347,2808,11819,24710,23858,22188,21659,23725,22776,24258,22790,17987,19618,20582,21083,22090,25872,13039,13433,24152,26082,27284,31325,29972,31646,23607,19823,19393,29201,30583,28352,30867,22714,18655
MGTCB,482443,495527,513591,532418,547229,566542,596020,618697,667332,704030,742738,780703,836498,890126,881794,922103,980753,1024426,1061057,1029506,950778,972724,1001552,1024440,1033552,1079066,1100571,1078638,1096196,1069089,1078976,1044193,1054202,1085332,1144397,1113666,1181255,1173361,1234804,1266717,1302556,1337665,1399101,1402375,1434042,1446864,1481609,1498072,1477002,1472381,1491990,1469331,1481298,1527995,1592040,1666854
MGTXB,482443,495527,513591,532418,547229,566542,596020,618697,667332,704030,742738,780703,836498,890126,881794,922103,980753,1024426,1061057,1029506,950778,972724,1001552,1024440,1033552,1079066,1100571,1078638,1096196,1069089,1078976,1044193,1054202,1085332,1144397,1113666,1181255,1173361,1234804,1266717,1302556,1337665,1399101,1402375,1434042,1446864,1481609,1498072,1477002,1472381,1491990,1469331,1481298,1527995,1592040,1666854
MMTCB,482443,495527,513591,532418,547229,566542,596020,618697,667332,704030,742738,780703,836498,890126,881794,922103,980753,1024426,1061057,1029506,950778,972724,1001552,1024440,1033552,1079066,1100571,1078638,1096196,1069089,1078976,1044193,1054202,1084812,1143109,1109451,1179686,1169654,1229313,1261987,1297136,1332179,1396711,1400429,1431736,1445473,1444039,1444431,1413217,1405647,1406135,1367404,1385757,1432592,1486030,1557714
MSICB,51470,57464,63071,33383,33390,32577,31931,29830,33274,30990,27681,31948,32738,40557,51972,69988,113350,128214,111530,103220,97865,86481,75808,67951,58344,58757,50198,50409,61132,56240,50594,57939,37985,35956,40183,36869,37193,40835,49706,46750,49798,51131,54927,51561,46429,46170,69765,68454,72842,77865,81391,84488,82868,72316,77209,79822
NAICB,0,0,0,0,0,0,0,0,0,0,0,0,0,0,0,0,0,0,0,74021,124154,119453,102436,29224,0,0,0,0,0,0,0,0,0,0,0,0,0,0,0,0,0,0,0,0,0,0,0,0,0,0,0,0,0,0,0,0
NGACB,54125,64998,63350,68010,68440,70031,70482,75537,88300,89581,98827,101766,107410,107727,96771,84557,74027,68353,77089,80167,108060,105138,105971,109172,112169,95638,85241,84404,111839,111427,110526,85247,85138,84733,100020,85690,78795,84837,69914,74045,65177,73003,93796,60103,59866,85397,89414,93938,114418,122353,84860,90210,144648,304643,109035,101186
NGCCB,61818,64516,70243,77749,84035,83595,92274,145875,144741,146206,150034,146268,145228,159725,138678,120212,139342,163056,173241,240663,173712,162399,195394,162505,172245,157707,153242,163134,182400,189891,179596,188219,193919,180982,187938,218454,185095,222842,178049,178186,196820,175920,233779,224901,198860,164445,151233,165489,171573,171453,195021,189642,165874,178090,191180,183868
NGEIB,421566,434775,509373,574622,625564,663206,732301,808230,883973,1010430,1090289,1199508,1313048,1289980,1356195,1379009,1403348,1527528,1539878,1453582,1482938,1419582,1328745,1219224,1303346,1240704,1145565,1086548,1078359,1183529,1174039,1166833,1134448,1243646,1217139,1237655,1235134,1259990,1475569,1476355,1610708,1551627,1579375,1483822,1426117,1507392,1501245,1507800,1472660,1415850,1375275,1483987,1550460,1455086,1461971,1675718
NGICB,2100294,2095700,2113288,2118448,2062988,2175278,2304407,2398686,2500035,2549383,2626269,2791236,2718426,2940002,2762691,2223952,2215579,2218541,2257742,2031802,2229659,2149258,1644583,1623292,1729022,1799325,1725973,1881723,2074215,2162082,2194146,2152804,2129380,2177425,2157411,2280599,2531930,2421834,2445036,2226967,2477371,2370531,2320655,2195620,2157514,1673595,1632320,1654258,1696930,1574577,1800506,1831177,1928319,1981142,2055927,2087815
NGLPB,723700,754115,801366,827291,800590,677869,609365,673441,738765,770094,790276,805962,825413,853000,843091,785741,750910,752614,777118,738656,553325,522038,358765,317533,339565,319789,315161,370825,331711,303519,411238,309134,308558,304836,311006,347663,342665,310881,346657,291852,296342,292615,276855,275383,287302,294626,309612,323223,335209,346467,334949,325470,357947,399029,416396,432033
NGPZB,54125,64998,63350,68010,68440,70031,70482,75537,88300,89581,98827,101766,107410,107727,96771,84557,74027,68353,77089,80167,108060,105138,105971,109172,112169,95638,85241,84404,111839,111427,110516,85245,84954,84507,99775,85342,78337,84586,69074,73051,64087,71247,91925,57826,57304,83536,87499,92020,112399,120118,82449,87945,142378,301565,104732,96377
NGRCB,177678,172005,203308,205599,199465,189346,204798,210269,219810,229116,238458,243796,247653,248727,229657,239211,242404,277404,281836,325187,231735,215960,228332,221321,239408,220990,202904,219606,218376,239195,219535,231096,225431,238378,222559,215150,237724,242059,209377,182537,200025,213389,216915,212686,197423,190300,170587,205049,197875,196905,233911,205559,174830,212250,242475,218838
NGTCB,2815483,2831993,2959563,3044428,3040492,3181456,3404262,3638596,3836859,4024717,4203877,4482576,4531777,4746155,4584002,4046930,4074690,4254885,4329773,4131399,4226105,4052341,3503025,3335519,3556198,3514373,3312929,3435413,3665187,3886116,3877833,3824190,3768324,3925166,3885073,4037539,4268665,4231566,4377957,4138086,4550106,4384479,4444508,4177143,4039787,3621139,3544789,3626526,3653462,3481133,3689581,3800578,3964120,4131223,4060591,4267424
NGTXB,2393917,2397218,2450190,2469806,2414928,2518249,2671962,2830366,2952886,3014287,3113589,3283067,3218717,3456181,3227798,2667931,2671352,2727355,2789907,2677820,2743166,2632755,2174280,2116290,2252845,2273659,2167360,2348867,2586831,2702595,2703803,2657366,2633869,2681518,2667928,2799892,3033544,2971571,2902376,2661735,2939393,2832844,2865145,2693311,2613663,2113738,2043553,2118734,2180796,2065287,2314297,2316588,2413671,2676125,2598617,2591707
NGVHB,0,0,0,0,0,0,0,0,0,0,0,0,0,0,0,0,0,0,0,0,0,0,0,0,0,0,0,0,0,0,10,2,184,226,245,348,458,251,840,994,1090,1756,1871,2277,2562,1862,1915,1917,2018,2235,2411,2265,2270,3078,4303,4809
NNACB,54125,64998,63350,68010,68440,70031,70482,75537,88300,89581,98827,101766,107410,107727,96771,84557,74027,68353,77089,80167,108060,105138,105971,109172,112169,95638,85241,84404,111839,111427,110526,85247,85138,84733,100020,85690,78795,84837,69914,74045,65177,73003,93796,60103,59866,85397,89414,93938,114418,122353,84860,90210,144648,304643,109035,101186
NNCCB,61818,64516,70243,77749,84035,83595,92274,145875,144741,146206,150034,146268,145228,159725,138678,120212,139342,163056,173241,240663,173712,162399,195394,162504,172245,157706,153241,163134,182400,189891,179527,188157,193919,180982,187938,218454,185095,222842,178049,178185,196820,175853,233779,224901,198860,164445,151233,165489,171573,171453,195021,189642,165874,178090,191180,183868
NNEIB,421566,434775,509373,574622,625564,663206,732301,808230,883973,1010430,1090289,1199508,1313048,1289980,1356195,1379009,1403348,1527528,1539878,1453582,1482938,1419582,1328744,1219218,1303345,1240700,1145557,1086546,1078358,1183526,1173588,1166453,1134447,1243645,1217139,1237655,1235134,1259990,1475569,1476348,1610708,1551031,1579375,1483822,1426117,1507392,1501245,1507800,1472660,1415850,1375275,1483987,1550460,1455086,1461971,1675718
NNICB,2100294,2095700,2113288,2118448,2062988,2175278,2304407,2398686,2500035,2549383,2626269,2791236,2718426,2940002,2762691,2223952,2215579,2218541,2257742,2031802,2229659,2149258,1644583,1623286,1729021,1799320,1725964,1881720,2074213,2162077,2193461,2152204,2129379,2177423,2157410,2280598,2531930,2421834,2445036,2226958,2477371,2369733,2320654,2195620,2157514,1673595,1632320,1654258,1696930,1574577,1800506,1831177,1928319,1981142,2055927,2087815
NNRCB,177678,172005,203308,205599,199465,189346,204798,210269,219810,229116,238458,243796,247653,248727,229657,239211,242404,277404,281836,325187,231735,215960,228332,221320,239408,220989,202902,219606,218376,239194,219450,231021,225431,238377,222559,215150,237724,242059,209377,182536,200025,213307,216915,212686,197423,190300,170587,205049,197875,196905,233911,205559,174830,212250,242475,218838
NNTCB,2815483,2831993,2959563,3044428,3040492,3181456,3404262,3638596,3836859,4024717,4203877,4482576,4531777,4746155,4584002,4046930,4074690,4254885,4329773,4131399,4226105,4052341,3503024,3335505,3556196,3514363,3312909,3435408,3665182,3886107,3876543,3823075,3768323,3925163,3885072,4037538,4268665,4231566,4377957,4138068,4550106,4382935,4444506,4177143,4039787,3621139,3544789,3626526,3653462,3481133,3689581,3800578,3964120,4131223,4060591,4267424
NUEGB,0,0,0,0,0,0,0,0,0,0,0,0,0,0,0,0,0,0,0,0,0,0,0,0,0,0,0,0,40201,105722,167823,207582,256502,130321,300448,379842,375656,392031,405846,384141,391670,398535,371923,348485,421660,398994,430593,429577,425682,434024,432036,414881,402823,400353,410907,411571
NUETB,0,0,0,0,0,0,0,0,0,0,0,0,0,0,0,0,0,0,0,0,0,0,0,0,0,0,0,0,40201,105722,167823,207582,256502,130321,300448,379842,375656,392031,405846,384141,391670,398535,371923,348485,421660,398994,430593,429577,425682,434024,432036,414881,402823,400353,410907,411571
P1ICB,401837,416867,442532,586517,634390,630442,706125,754947,797513,832676,857054,869652,964260,1040517,1056271,982524,1132432,1329341,1454231,1671820,1786871,1399003,1174742,1111954,1162959,1142856,1271099,1288553,1385854,1339477,1538752,1504511,1616798,1595637,1636566,1575554,1672974,1805532,1736896,1696868,1673440,1628491,1630029,1702910,1824465,1727436,1709040,1508892,1246342,1179877,1275018,1181976,1222126,1309363,1202737,1274152
P1TCB,432848,443411,475272,618846,666960,663406,744313,789415,839138,873594,897647,906928,1002931,1089300,1099984,1023678,1166988,1369366,1497358,1748968,1824388,1455927,1198808,1193831,1185372,1162100,1290437,1306808,1402765,1357714,1555129,1518692,1632083,1627751,1666385,1605324,1702823,1835809,1767492,1728308,1706127,1655082,1661550,1723524,1852444,1756130,1738658,1533755,1268784,1204983,1293223,1200963,1234700,1322803,1214262,1286021
P1TXB,432848,443411,475272,618846,666960,663406,744313,789415,839138,873594,897647,906928,1002931,1089300,1099984,1023678,1166988,1369366,1497358,1748968,1824388,1455927,1198808,1193831,1185372,1162100,1290437,1306808,1402765,1357714,1555129,1518692,1632083,1610459,1652259,1590508,1687539,1820918,1752307,1713651,1689040,1642726,1644085,1715907,1837415,1740542,1721924,1521930,1258236,1190402,1287825,1194537,1233982,1321471,1214262,1286021
PAACB,743146,749003,772141,792398,819879,849448,880284,927175,1007918,1069878,1113184,1156416,1253372,1378575,1412718,1477435,1540287,1659769,1749308,1800548,1693992,1721081,1776927,1769350,1846306,1929178,1985569,1944543,2031479,2036503,2042755,2016061,2062187,2054130,2100295,2082449,2261556,2319782,2456784,2438158,2500874,2604296,2677373,2610217,2638360,2637248,2763165,2789545,2687695,2571071,2668913,2682246,2644320,2764412,2964453,3047378
PACCB,22469,19399,20655,21845,24606,24895,30504,29615,40804,45850,45578,41749,48647,58758,54382,53363,52567,62329,67987,102894,74918,86932,56741,144016,66101,60389,43831,53156,43650,39330,32041,27152,25333,16231,17713,20142,19092,18778,23812,27442,45372,35416,26383,30025,19067,27057,24284,19031,23966,27971,25295,35275,32833,29179,27816,50943
PAEIB,373,349,645,531,316,290,386,303,430,573,917,2131,11468,39578,34469,11374,24234,31844,43386,29667,10708,9011,13262,23379,5716,10057,5104,6515,8400,25865,5796,2700,2840,21767,24360,18313,21437,16986,18220,19352,32105,33246,20550,25609,17971,17613,18487,13508,11702,15364,6552,7958,2237,2353,1153,1192
PAICB,757042,775066,830279,988677,1074584,1075307,1159638,1181288,1254787,1375369,1407453,1431699,1641507,1784273,1782358,1652623,1837456,2108749,2258919,2619888,2669085,2450459,2177397,2061316,2293671,2196397,2291825,2367063,2544486,2554962,2689545,2759600,2920186,2862939,3035724,3035220,3234822,3549130,3475621,3381468,3205905,3110346,3214846,3330609,3515216,3325851,3347315,3182656,2613676,2554424,2847863,2842073,2992781,3161575,3033762,3174218
PARCB,35496,35293,35674,36689,44473,45636,41624,42489,48999,58095,54269,52259,54644,50230,44806,41319,42506,40777,45277,25969,22393,22304,18557,22109,19636,25935,23232,25025,21935,22950,21388,14194,12075,12904,12700,11649,8221,12382,15932,31659,37414,42620,37999,32645,26576,30644,23269,25422,24073,20585,20558,18174,14909,17783,17530,18032
PATCB,1558527,1579111,1659393,1840141,1963858,1995577,2112436,2180870,2352938,2549765,2621400,2684253,3009638,3311415,3328733,3236113,3497050,3903469,4164877,4578967,4471095,4289787,4042884,4020170,4231430,4221956,4349561,4396301,4649951,4679610,4791526,4819706,5022621,4967971,5190792,5167773,5545128,5917058,5990370,5898080,5821670,5825923,5977151,6029105,6217190,6038413,6176519,6030161,5361112,5189414,5569181,5585726,5687080,5975302,6044714,6291763
PATXB,1558154,1578762,1658748,1839610,1963542,1995286,2112050,2180567,2352508,2549192,2620483,2682123,2998170,3271836,3294264,3224740,3472816,3871625,4121491,4549300,4460388,4280776,4029622,3996791,4225714,4211899,4344458,4389786,4641551,4653745,4785730,4817006,5019781,4946204,5166432,5149461,5523691,5900072,5972150,5878727,5789565,5792677,5956601,6003496,6199219,6020800,6158032,6016653,5349410,5174050,5562629,5577768,5684843,5972949,6043561,6290571
PCCCB,0,0,0,0,0,0,0,0,0,0,0,0,0,0,0,0,0,0,0,0,0,0,0,0,0,0,0,0,0,0,0,0,0,0,0,0,0,0,0,0,0,0,0,0,0,0,0,0,0,0,0,0,0,0,0,0
PCEIB,0,0,0,0,0,0,0,0,0,0,0,0,0,0,0,0,0,0,0,0,0,0,0,0,0,0,0,0,0,0,0,0,0,17292,14126,14816,15284,14891,15186,14657,17087,12356,17465,7617,15029,15587,16734,11826,10548,14582,5398,6426,719,1331,0,0
PCICB,79038,90829,100657,100808,106592,111534,108120,109695,111191,115469,103586,105409,120975,132469,119904,128819,126721,134881,133361,121290,131246,118245,122824,117066,129385,141590,137450,137181,149202,143732,168518,166010,177539,171209,153170,149572,160121,178364,166242,166473,168905,181068,179085,183748,204099,187304,213753,190297,166017,152296,159764,156194,180133,188632,183005,173331
PCTCB,79038,90829,100657,100808,106592,111534,108120,109695,111191,115469,103586,105409,120975,132469,119904,128819,126721,134881,133361,121290,131246,118245,122824,117066,129385,141590,137450,137181,149202,143732,168518,166010,177539,188502,167296,164389,175406,193255,181427,181130,185992,193425,196549,191365,219128,202892,230487,202123,176564,166878,165162,162619,180852,189963,183005,173331
PLICB,0,0,0,0,0,0,0,0,0,0,0,0,0,6180,20191,22926,3052,0,0,0,0,-36,83,79,0,0,0,0,0,0,0,0,0,0,0,0,0,0,0,0,0,0,0,0,0,0,0,0,0,0,0,0,0,0,0,0
PMTCB,1558527,1579111,1659393,1840141,1963858,1995577,2112436,2180870,2352938,2549765,2621400,2684253,3009638,3311415,3328733,3236113,3497050,3903469,4164877,4578967,4471095,4289787,4042884,4020170,4231430,4221956,4349561,4396301,4649951,4679610,4791526,4819706,5022621,4967452,5189504,5163559,5543559,5913351,5984879,5893350,5816251,5820437,5974761,6027159,6214884,6037022,6138949,5976520,5297326,5122680,5483327,5483799,5591539,5879899,5938703,6182622
POICB,334276,352367,372451,516099,554026,551535,606823,653962,702051,729075,740627,762312,850461,923675,938640,895963,1056403,1255412,1362482,1544318,1626184,1304793,1056375,1001601,1069520,1043223,1159456,1181487,1269132,1253119,1423614,1423005,1518593,1490797,1542685,1476241,1572955,1713358,1638783,1618071,1597535,1528206,1522342,1591282,1718304,1593697,1585507,1389251,1157353,1126040,1213617,1131299,1168948,1252817,1142926,1205990
POTCB,334276,352367,372451,516099,554026,551535,606823,653962,702051,729075,740627,762312,850461,923675,938640,895963,1056403,1255412,1362482,1544318,1626184,1304793,1056375,1001601,1069520,1043223,1159456,1181487,1269132,1253119,1423614,1423005,1518593,1508089,1556811,1491057,1588240,1728249,1653968,1632728,1614621,1540562,1539806,1598900,1733333,1609285,1602241,1401076,1167900,1140621,1219015,1137725,1169667,1254148,1142926,1205990
POTXB,334276,352367,372451,516099,554026,551535,606823,653962,702051,729075,740627,762312,850461,923675,938640,895963,1056403,1255412,1362482,1544318,1626184,1304793,1056375,1001601,1069520,1043223,1159456,1181487,1269132,1253119,1423614,1423005,1518593,1490797,1542685,1476241,1572955,1713358,1638783,1618071,1597535,1528206,1522342,1591282,1718304,1593697,1585507,1389251,1157353,1126040,1213617,1131299,1168948,1252817,1142926,1205990
PPICB,0,0,0,0,0,0,0,0,0,0,0,0,0,0,0,0,0,0,0,0,0,0,0,0,133262,126125,119529,141569,127563,125180,152777,179449,196861,202805,206739,206248,216664,200750,181787,229806,235687,194440,175692,175312,178522,159057,114643,148106,127484,108084,133878,47075,72682,81119,75405,136894
RETCB,50155,52023,47721,42718,43884,48967,51980,49944,62939,64351,62757,60471,67560,78102,76691,75872,75965,82566,84175,89721,65819,70516,80753,78066,88645,96300,113054,120707,111778,127595,117290,122315,136103,117748,115384,122104,112104,126373,115562,98724,101490,102020,123417,117402,123118,138907,189801,245404,346665,348268,451422,511488,517187,550470,605619,651254
RFACB,111507,97268,80173,73902,78223,77621,74827,75832,74619,75809,73348,61814,60537,98104,133787,157486,168977,204510,229779,308257,288020,225243,191066,161676,155689,135861,160576,122735,138408,162424,162615,169875,186027,124648,118770,125890,112322,127126,154912,109840,132070,101161,101143,104669,127505,141207,150767,185407,157743,137438,174956,166957,120303,118275,121624,120797
RFCCB,1199,1855,1679,1859,1298,401,293,347,414,485,490,427,1121,2029,3355,4256,3865,4211,4674,6647,16150,15874,11416,6402,4279,1587,1555,3368,3414,1856,446,1358,98,0,5,0,0,0,0,0,0,70,145,0,0,0,0,87,46,23,90,275,152,184,58,0
RFEIB,267,250,461,380,226,208,276,217,308,410,656,1839,10994,39130,32154,10937,23460,30325,42458,27857,4150,3688,5745,13006,2040,5542,2346,3582,4590,12178,1595,652,1111,2060,2158,388,2104,150,72,62,2523,3877,541,3131,1194,184,346,287,40,0,0,1,163,0,0,0
RFICB,29014,37797,35297,34839,30042,11810,12001,12232,12275,14168,14442,12156,20774,47801,56835,69600,82239,98726,105811,110378,100773,178363,168792,90501,60492,37527,10564,8449,6539,3161,8004,6879,5111,15163,15013,15460,13152,11615,5379,3989,2523,3263,5007,8852,6772,22237,24662,19620,22758,21424,20623,28594,13589,10223,11692,7806
RFTCB,141986,137170,117610,110980,109790,90040,87396,88629,87616,90871,88936,76236,93426,187064,226130,242279,278541,337771,382722,453139,409094,423167,377019,271585,222500,180516,175041,138134,152951,179619,172660,178764,192348,141871,135946,141737,127577,138891,160363,113892,137116,108371,106836,116652,135471,163628,175775,205402,180588,158885,195669,195826,134208,128682,133374,128603
RFTXB,141719,136920,117148,110600,109564,89832,87120,88411,87308,90462,88280,74398,82431,147934,193977,231342,255081,307446,340264,425282,404944,419479,371274,258579,220460,174974,172695,134552,148362,167441,171065,178112,191237,139811,133788,141349,125473,138740,160291,113830,134593,104494,106295,113521,134277,163444,175429,205115,180547,158885,195669,195826,134045,128682,133374,128603
SFCCB,,,,,,,,,,,,,,,,,,,,,0,0,0,1,0,0,1,0,0,1,69,61,0,0,0,0,0,0,0,1,0,68,0,0,0,0,0,0,0,0,0,0,0,0,0,0
SFEIB,,,,,,,,,,,,,,,,,,,,,0,0,0,6,1,4,8,2,1,3,451,379,0,1,0,0,0,0,0,7,0,596,1,0,0,0,0,0,0,0,0,0,0,0,0,0
SFINB,,,,,,,,,,,,,,,,,,,,,0,0,0,6,1,4,10,2,2,5,685,600,1,2,0,0,0,0,0,9,0,798,1,0,0,0,0,0,0,0,0,0,0,0,0,0
SFRCB,,,,,,,,,,,,,,,,,,,,,0,0,0,1,0,1,1,0,0,1,84,75,0,0,0,0,0,0,0,1,0,82,0,0,0,0,0,0,0,0,0,0,0,0,0,0
SFTCB,,,,,,,,,,,,,,,,,,,,,0,0,1,14,2,9,20,4,4,9,1290,1115,1,3,1,1,0,0,0,18,0,1544,2,0,0,0,0,0,0,0,0,0,0,0,0,0
SGICB,203431,203739,208420,205907,211742,217812,216194,231280,242763,261982,267542,253149,268373,282974,283950,274092,285279,311959,330507,336867,338953,320901,314447,316418,317641,326680,373629,365699,382147,381946,381677,372403,365337,366083,373369,367958,373245,377657,371924,374017,378498,389830,383698,409540,420721,386677,396343,399685,398214,404250,404837,405401,422813,448630,441152,444996
SNICB,0,0,0,0,7101,7688,8636,7193,7707,8447,8958,8953,9586,9695,9619,8269,10025,10453,12570,12729,12239,10561,9834,11554,15445,11876,7936,8847,6969,6557,6544,5037,5986,5987,4640,4054,4506,4368,6485,8789,5886,6914,9020,7090,4496,5507,7085,7893,8586,4670,2640,2287,1488,10423,11059,10345
SOCCB,0,0,0,0,0,0,0,0,0,0,0,0,0,0,0,0,0,0,0,0,0,0,0,0,0,0,0,0,0,1,1,1,1,2,2,2,2,3,3,3,4,5,6,7,8,12,24,26,30,52,114,221,350,505,697,928
SOEGB,0,0,0,0,0,0,0,0,0,0,0,0,0,0,0,0,0,0,0,0,0,0,0,0,0,0,0,0,0,4,4,4,4,4,3,3,3,2,1,1,0,0,0,0,0,0,0,0,0,0,80,278,1119,1533,2664,3716
SOICB,0,0,0,0,0,0,0,0,0,0,0,0,0,0,0,0,0,0,0,0,0,0,0,0,0,0,0,0,0,0,0,0,0,0,0,0,1,1,1,1,1,1,1,1,2,3,0,0,0,0,0,0,0,0,0,0
SORCB,0,0,0,0,0,0,0,0,0,0,0,0,0,0,0,0,0,0,0,0,0,0,0,0,0,0,0,0,0,347,368,413,419,429,458,473,490,488,550,564,541,535,528,523,507,486,481,491,519,567,652,764,933,1193,1450,1751
SOTCB,0,0,0,0,0,0,0,0,0,0,0,0,0,0,0,0,0,0,0,0,0,0,0,0,0,0,0,0,0,352,374,418,424,435,464,478,496,494,555,569,547,541,535,531,517,501,505,517,549,619,847,1263,2402,3231,4810,6395
SOTXB,0,0,0,0,0,0,0,0,0,0,0,0,0,0,0,0,0,0,0,0,0,0,0,0,0,0,0,0,0,348,370,415,421,431,461,476,493,492,553,568,546,541,535,531,517,501,505,517,549,619,767,985,1282,1698,2146,2679
TEACB,797664,814145,835618,860523,888440,919586,950818,1002747,1096252,1159484,1212040,1258200,1360797,1486337,1509515,1562003,1614319,1728126,1826397,1880715,1802052,1826219,1883210,1880762,1960053,2027525,2073451,2032664,2146108,2150029,2155242,2103265,2149542,2138863,2200315,2168139,2340437,2404829,2526932,2512425,2566393,2677670,2771664,2671295,2699096,2723411,2853222,2884179,2802828,2694166,2754542,2773163,2789682,3069678,3075241,3150347
TEAPB,83,83,83,85,87,89,91,95,101,105,108,109,116,124,123,124,125,131,135,135,126,124,123,119,122,125,125,122,129,128,126,121,121,118,119,114,121,122,125,122,123,126,128,121,121,120,122,121,115,109,109,108,107,116,114,115
TECCB,200796,207440,224306,247215,265969,279801,307813,377149,402933,434011,462541,482966,521797,565057,552265,566653,598520,663774,714003,816795,760466,788502,819194,892752,878606,894157,877007,902678,946512,993352,1007200,1023232,1023458,1044491,1086789,1156273,1150160,1205818,1236678,1275237,1368434,1333986,1348389,1307675,1286657,1396474,1336354,1338044,1384941,1442520,1478900,1554975,1555203,1610382,1639773,1592403
TECPB,21,21,22,24,26,27,29,36,37,39,41,42,44,47,45,45,46,50,53,59,53,53,53,57,55,55,53,54,57,59,59,59,58,58,59,61,59,61,61,62,65,63,62,59,57,61,57,56,57,58,59,61,60,61,61,58
TEEIB,433200,447911,518106,579584,630187,671896,741538,815227,898902,1024876,1102359,1211430,1359361,1413416,1480247,1528648,1602234,1804757,1949323,2000510,2173443,2207365,2200529,2206060,2302919,2331942,2264603,2259196,2350439,2605262,2640828,2671653,2684437,2774473,2864473,2951740,3051914,3135939,3343510,3363636,3523702,3425454,3489203,3424493,3467184,3539163,3564435,3628271,3651479,3555933,3641375,3890419,3755215,3787535,3827892,3848443
TEICB,3078707,3093112,3190702,3373226,3435770,3584084,3841775,3983048,4208309,4428851,4578919,4783073,4971382,5409889,5259103,4635927,4869092,5233150,5487537,5685474,5911341,5646081,4821270,4709115,5090834,5041918,5031957,5240290,5628433,5784653,5954615,5981167,6135140,6162827,6371541,6489471,6999909,7268814,7223543,6875541,6969011,6684858,6814063,6791133,6876081,6175048,6196144,6062513,5535511,5214422,5768956,5833477,5985845,6287533,6307248,6458519
TEIPB,320,315,317,332,335,345,366,376,389,401,408,416,423,450,429,369,377,397,406,409,412,383,314,299,318,310,304,315,338,344,349,344,345,339,343,342,362,368,358,334,333,314,314,308,307,271,265,254,228,210,229,227,230,238,234,235
TERCB,361519,356523,415573,440296,452794,461044,490562,521311,568232,643169,679390,721207,783425,795915,788902,762293,769779,868825,932495,942621,930832,908817,970116,948384,1049808,1078735,1051374,1090291,1119933,1194063,1188302,1207474,1173352,1248365,1260917,1299067,1387636,1408173,1481413,1464902,1566138,1551239,1624150,1573620,1525051,1612294,1532035,1548909,1580803,1589380,1684632,1743734,1599316,1684606,1708702,1696339
TERPB,38,36,41,43,44,44,47,49,53,58,60,63,67,66,64,61,60,66,69,68,65,62,63,60,66,66,63,66,67,71,70,69,66,69,68,69,72,71,73,71,75,73,75,71,68,71,66,65,65,64,67,68,61,64,63,62
TETCB,4438686,4471219,4666199,4921259,5042973,5244514,5590968,5884256,6275726,6665515,6932890,7245446,7637413,8257192,8109795,7526866,7851699,8493877,8960420,9325603,9404691,9169623,8493789,8431018,8979308,9042345,9033794,9265921,9840982,10122089,10305351,10315128,10481499,10594547,10919566,11112940,11878129,12287639,12468578,12128102,12469981,12247762,12558253,12343733,12386892,11907236,11917745,11833638,11304089,10940483,11687039,11905353,11930036,12652210,12730967,12897607
TETGR,,,,,,,,,,,,,,,,,,,,,,,,,,,,,,,,,,,,,,15.04,14.38,13.46,13.4,12.82,12.96,12.63,12.1,11.37,10.71,10.14,9.63,9.37,9.76,9.6,9.1,9.18,8.91,8.64
TETPB,461,455,464,484,491,505,533,555,580,603,617,629,649,687,661,599,608,644,664,671,656,622,554,535,561,556,545,557,590,602,604,593,590,583,588,586,614,622,619,590,595,574,579,560,553,523,510,497,465,441,463,464,458,478,472,470
TETXB,4438686,4471219,4666199,4921259,5042973,5244514,5590968,5884256,6275726,6665515,6932890,7245446,7637401,8257198,8109785,7526876,7851710,8493875,8960432,9325606,9404690,9169619,8493790,8431013,8979301,9042335,9033790,9265923,9840985,10122097,10305360,10315137,10481491,10594545,10919561,11112949,11878142,12287634,12468567,12128106,12469976,12247753,12558266,12343723,12386885,11907227,11917755,11833646,11304083,10940488,11687031,11905349,11930046,12652199,12730963,12897608
TNACB,797595,814083,835567,860475,888400,919553,950818,1002747,1096252,1159484,1212040,1258200,1360797,1486337,1509515,1562003,1614319,1728126,1826397,1880715,1802052,1826219,1883210,1880762,1960053,2027525,2073451,2032664,2146108,2150029,2155242,2103265,2149542,2138863,2200315,2168139,2340377,2404682,2526769,2512270,2566154,2677415,2771320,2670627,2698504,2722886,2852790,2883711,2802347,2693666,2754027,2772689,2789208,3069262,3074077,3149177
TNCCB,118101,120149,130322,143321,155407,159217,177401,235136,249864,263627,273773,274567,290579,321320,298249,289331,311862,354832,379519,483399,399302,410962,421171,481681,433934,424103,407400,430996,451601,462246,455814,464325,468154,456928,474068,514824,491242,534273,516473,526757,584856,563671,595143,590363,561046,573617,558432,565674,587767,607188,638195,666015,656257,676939,699071,704642
TNICB,2955501,2966413,3049555,3217511,3264381,3391165,3618708,3739839,3934803,4121579,4246486,4434968,4593440,5006751,4833247,4188139,4377069,4676318,4890700,5063062,5270439,5007651,4207702,4070154,4447045,4407094,4423210,4641902,5012136,5133905,5299571,5329438,5477022,5485986,5662493,5770280,6247604,6476886,6415590,6077032,6170979,5946501,6020983,6015566,6143386,5455753,5463313,5305793,4792837,4531336,5078532,5125374,5347507,5590317,5570745,5740995
TNRCB,266041,260154,299555,308670,313104,308364,324516,337765,362568,397273,410374,425173,448519,450719,429778,427619,433641,486904,510238,532266,462159,448436,480153,464311,517901,518110,497242,528667,536305,566907,545251,556011,542104,565662,556081,558018,601013,610999,612635,595539,647862,669024,682275,673366,648554,672248,644123,676055,681192,674555,735305,733852,671284,725478,758099,747831
TNTXB,4137238,4160800,4314999,4529977,4621292,4778300,5071444,5315487,5643486,5941963,6142673,6392909,6693335,7265127,7070788,6467093,6736890,7246180,7606854,7959442,7933952,7693268,6992237,6896907,7358933,7376833,7401303,7634230,8146149,8313087,8455877,8453039,8636822,8647438,8892957,9011261,9680236,10026841,10071467,9711598,9969851,9856610,10069721,9949921,10051490,9424505,9518657,9431233,8864142,8506745,9206058,9297931,9464257,10061996,10101992,10342644
TPOPP,9624,9820,10053,10159,10270,10378,10492,10599,10819,11045,11236,11510,11759,12020,12269,12569,12904,13193,13500,13888,14338,14746,15331,15752,16007,16273,16561,16622,16667,16807,17057,17398,17760,18162,18564,18959,19340,19740,20158,20558,20944,21320,21690,22031,22394,22778,23360,23832,24309,24802,25244,25646,26072,26474,26945,27430
UOICB,0,0,0,0,0,0,0,0,0,0,0,0,0,0,0,0,0,0,0,0,0,-79886,-90446,-53233,-88047,-91849,-93895,-94221,-72039,-98500,-95590,-117532,-89589,-101365,-72429,-83303,-29306,-26848,-81242,-74931,-104844,-20048,-35630,-13435,-20558,719,17947,17064,-14549,-21613,7691,15301,17156,4877,-23437,-5295
USICB,0,0,0,0,0,0,0,0,0,0,0,0,0,0,0,0,0,0,0,423,460,625,767,0,0,0,0,0,0,0,0,0,0,0,0,0,0,0,0,0,0,0,0,0,0,0,0,0,0,0,0,0,0,0,0,0
WDCCB,267,249,231,213,196,177,166,156,144,132,121,119,120,119,129,144,156,169,167,175,321,326,589,341,574,627,705,1025,1131,2633,2420,2526,2664,1952,1869,1887,1960,1815,1585,1667,1784,2069,2119,2206,2156,2937,2725,2895,3054,1725,1703,1639,1436,1664,1709,1866
WDEIB,0,0,0,0,0,0,0,0,0,0,0,0,0,0,0,0,0,0,0,0,0,0,0,0,0,0,0,0,0,0,0,0,0,0,0,0,0,0,0,0,0,0,0,0,0,0,0,0,0,0,0,293,1881,1231,3320,3268
WDICB,23925,25525,26866,26247,28621,30736,33901,34641,40420,42931,44634,43791,51445,52976,51738,47180,55453,60269,66340,67011,41571,41623,39388,43909,43623,42740,59171,57921,59722,69005,61469,61120,68490,69712,69717,75013,73855,82564,74732,59243,60552,49712,57193,55092,51539,50802,50075,52995,65647,39646,50936,50306,49036,49249,46290,43866
WDRCB,14104,13106,12178,11249,10320,9374,8755,8118,7534,6966,6433,6347,6330,6295,6794,7568,8256,8927,8755,9202,12937,13552,26020,15050,25604,26375,24024,30131,32156,32509,22139,23210,24351,14500,13763,13763,14293,10862,9652,9906,10668,11756,11933,12561,12875,18303,16233,17942,20078,12211,10661,10903,10176,14053,14306,10658
WSCCB,0,0,0,0,0,0,0,0,0,0,0,0,0,0,0,0,0,0,0,0,0,0,0,0,0,0,0,0,0,45,45,45,45,86,99,43,109,85,116,127,134,97,147,575,387,385,454,504,486,474,541,464,440,577,588,553
WSEIB,0,0,0,0,0,908,963,986,1051,1044,1019,994,1050,1049,996,929,1020,1001,990,885,819,786,634,788,1152,3130,3212,2432,0,1977,3256,3235,3260,3374,3461,394,573,702,719,714,915,888,2176,3445,2906,2733,2725,4221,4857,4409,5108,6024,6651,6909,7175,7577
WSICB,0,0,0,0,0,0,0,0,0,0,0,0,0,0,0,0,0,0,0,0,0,2253,3058,4035,5289,5966,2583,2846,3108,3641,6644,6227,6970,8414,8595,8376,8053,6577,6851,6478,7433,6159,7781,5035,4972,5002,5486,5931,5887,5692,10723,16597,16857,17683,17843,19010
WWCCB,267,249,231,213,196,177,166,156,144,132,121,119,120,119,129,144,156,169,167,175,321,326,589,341,574,627,705,1025,1131,2678,2465,2571,2709,2038,1968,1930,2069,1900,1701,1794,1918,2166,2266,2781,2543,3322,3179,3399,3540,2198,2244,2104,1876,2241,2297,2419
WWEIB,0,0,0,0,0,908,963,986,1051,1044,1019,994,1050,1049,996,929,1020,1001,990,885,819,786,634,788,1152,3130,3212,2432,0,1977,3256,3235,3260,3374,3461,394,573,702,719,714,915,888,2176,3445,2906,2733,2725,4221,4857,4409,5108,6316,8532,8139,10495,10845
WWICB,23925,25525,26866,26247,28621,30736,33901,34641,40420,42931,44634,43791,51445,52976,51738,47180,55453,60269,66340,67011,41571,43876,42446,47944,48913,48706,61754,60767,62830,72646,68113,67346,75461,78127,78312,83389,81909,89141,81582,65721,67985,55871,64974,60127,56510,55804,55561,58925,71534,45338,61659,66903,65893,66932,64133,62876
WWTCB,38296,38880,39275,37709,39136,41196,43785,43901,49149,51073,52207,51251,58945,60439,59656,55820,64884,70366,76252,77273,55648,58540,69690,64123,76243,78838,89695,94355,96117,109811,95973,96362,105781,98038,97504,99476,98843,102604,93655,78136,81486,70681,81349,78914,74834,80163,77699,84487,100010,64157,79672,86226,86477,91366,91232,86799
WWTXB,38296,38880,39275,37709,39136,40288,42822,42915,48098,50029,51188,50257,57895,59390,58660,54891,63865,69365,75262,76388,54829,57754,69056,63335,75091,75708,86483,91923,96117,107834,92717,93127,102521,94664,94043,99082,98270,101902,92936,77422,80571,69793,79173,75469,71929,77429,74974,80267,95153,59748,74564,79910,77945,83226,80737,75954
WXICB,338,334,302,290,274,291,369,364,410,432,433,907,935,1200,1176,1050,1083,905,933,914,893,2590,2025,2202,2181,2232,2175,2326,2413,2378,2367,1923,2040,2191,2222,2222,2789,2507,2429,2146,1896,2203,1950,1881,1864,1901,1720,1440,1259,804,1124,992,1006,1100,987,825
WYCCB,0,0,0,0,0,0,0,0,0,0,0,0,0,0,0,0,0,0,0,0,0,0,0,0,0,0,0,0,0,0,0,0,0,0,0,0,0,0,0,0,0,0,0,0,0,0,0,0,0,0,0,0,0,0,224,286
WYEGB,0,0,0,0,0,0,0,0,0,0,0,0,0,0,0,0,0,0,0,0,0,0,0,0,0,0,0,0,0,0,0,0,0,0,0,0,854,828,816,3272,5020,12271,27021,26020,31427,42368,66165,89019,159881,195455,256109,296805,306550,342270,380225,417516
WYICB,0,0,0,0,0,0,0,0,0,0,0,0,0,0,0,0,0,0,0,0,0,0,0,0,0,0,0,0,0,0,0,0,0,0,0,0,0,0,0,0,0,0,0,0,0,0,0,0,0,0,0,0,0,0,0,0
WYTCB,0,0,0,0,0,0,0,0,0,0,0,0,0,0,0,0,0,0,0,0,0,0,0,0,0,0,0,0,0,0,0,0,0,0,0,0,854,828,816,3272,5020,12271,27021,26020,31427,42368,66165,89019,159881,195455,256109,296805,306550,342270,380449,417802
WYTXB,0,0,0,0,0,0,0,0,0,0,0,0,0,0,0,0,0,0,0,0,0,0,0,0,0,0,0,0,0,0,0,0,0,0,0,0,0,0,0,0,0,0,0,0,0,0,0,0,0,0,0,0,0,0,224,286
